wardId,lat,lng
14091,21.034736,105.8378366
27915,21.0046452,105.8495796
18443,21.0371784,105.8730678
14859,21.0333967,105.790872
11531,20.9173367,105.6999122
17419,21.0252277,105.8426071
23563,20.9971097,105.776198
10507,20.9778985,105.8260943
25099,21.0116389,105.8216911
26379,21.0879871,105.7806001
21259,20.9735181,105.7497878
14347,21.0253749,105.8143528
21771,20.9739247,105.776198
22027,21.0146466,105.8510475
31755,21.0336195,105.8495796
4363,20.9599571,105.8319653
25867,20.9766171,105.8701316
17163,21.0599765,105.8466437
20747,20.9906016,105.8143528
21515,20.9533613,105.7791327
24587,21.0063176,105.8319653
24843,21.0220022,105.8040796
4619,20.9825522,105.8947409
20491,21.0207339,105.8936224
15115,21.0438759,105.802612
14603,21.036409,105.8202234
24331,21.0229512,105.8246266
1035,21.0507453,105.7635836
21003,20.9428762,105.7673942
25611,21.0839577,105.8132581
12555,21.0416664,105.9171161
2571,20.9915513,105.8349009
28427,21.1458783,105.488828
32267,21.0506191,105.8231588
779,20.9993268,105.7527221
1291,21.0584058,105.7409852
5131,20.9669968,105.8178728
28171,20.9975091,105.802612
1547,21.0963665,105.7380511
26123,21.0214051,105.7644596
2827,21.1137371,105.4953088
4875,20.9872609,105.8495796
25355,21.0173505,105.8378366
12811,21.0659641,105.9053689
18187,20.9897062,105.884813
16907,20.9971763,105.8671954
1803,21.0674246,105.7974668
2059,21.0373236,105.7475612
24075,21.0154525,105.7967419
17675,20.9308715,105.7409852
32011,20.954555,105.8583873
18956,10.7539509,106.6718702
25356,10.8481608,106.6674484
25100,10.8388893,106.6379724
11020,10.7830453,106.7367328
23820,10.7341196,106.6114474
24332,10.8417318,106.685136
12556,10.9471021,106.7422144
22284,10.8596614,106.7057733
34060,10.4965975,107.1779936
2572,10.7697993,106.680714
26636,10.793368,106.6482886
14348,11.1977549,106.6173415
7948,10.7744331,106.6954544
40460,11.1459404,106.7588494
3084,10.7036977,106.6202887
41484,11.0625332,106.6880841
11788,10.9019561,106.7293611
18188,10.8026884,106.6026064
23052,10.8231261,106.7013508
9228,10.7414815,106.6261831
23564,10.825006,106.7411559
4876,10.7924374,106.590819
32268,10.7499612,106.645341
22796,10.8135113,106.702825
8716,10.7622937,106.6438673
19468,10.7419558,106.6423935
5132,10.7639086,106.6143944
10764,10.7910232,106.7647475
32012,10.7685952,106.7765443
6412,10.7994275,106.68661
7436,10.7611456,106.6895581
15628,11.0163622,106.635025
4108,10.7440193,106.67924
42252,11.1950701,106.6645007
19212,10.754497,106.6583414
18700,10.7561874,106.680714
16908,10.9006383,106.7529514
8204,10.7680489,106.6630268
42764,10.8984062,106.770738
21260,10.8368594,106.627434
25612,10.8039194,106.67924
22540,10.7971708,106.702825
24588,10.8314858,106.6733441
24076,10.8199368,106.685136
10252,10.8372101,106.7175669
21004,10.76902,106.645341
8460,10.7773359,106.6674484
41996,11.0805871,106.6586052
1036,10.7603346,106.7042991
12300,10.9141778,106.7057733
10508,10.8695092,106.773595
4364,10.8582049,106.8296372
34316,10.4870712,107.1543601
13836,11.2219941,106.5617846
31500,10.8075496,106.8591387
31756,10.7941763,106.8060388
20748,10.7552446,106.6482886
1001,10.8230989,106.6296638
18444,10.786461,106.6748181
11276,11.0517801,106.5878723
3852,10.7197053,106.6261831
19724,10.7520489,106.6320777
17420,10.9809629,106.682188
34828,10.5833237,107.072273
6156,10.7946309,106.6748181
6924,10.7741557,106.6261831
8972,10.7685346,106.6541837
32780,10.7863307,106.6276567
3340,10.7300962,106.7432912
31244,10.8204813,106.773595
33804,10.4214457,107.1661766
12812,10.389342,107.1100534
7692,10.8230989,106.6296638
30988,10.8678055,106.7308354
34572,10.5112095,107.2075388
33548,10.3603867,107.0952864
6668,10.8004207,106.6438673
7180,10.7909325,106.6925062
17164,10.9211242,106.7765443
35596,10.4998649,107.1004359
41740,11.0598663,106.7352584
26380,11.0270305,106.7142027
19980,10.7411524,106.6960384
14860,10.993026,106.7588494
3596,10.7193362,106.7323097
33036,10.777513,106.6394461
35340,10.5573341,107.0598491
32524,10.8193278,106.6468148
25868,10.803289,106.6659746
26124,10.8010524,106.6571314
9484,10.8013933,106.6261831
13580,10.7562851,106.592422
35084,10.6452896,107.1366365
21772,10.8770496,106.6379724
20236,10.7494287,106.7293611
15116,11.099536,106.8060388
4620,10.8435123,106.8001396
16140,11.1606413,106.4994889
9740,10.8126149,106.6202887
23308,10.7965194,106.7146184
22028,10.8834303,106.6703963
15884,11.1044443,106.6232359
24844,10.8433627,106.6556575
12044,10.9713673,106.6586052
9996,10.8378053,106.7559004
43020,10.948222,106.682188
11532,10.9571535,106.7175669
21516,10.854891,106.6149418
780,10.7553772,106.6954544
42508,11.1049057,106.71167
40204,10.3393897,107.0834734
20492,10.767563,106.6718702
524,10.7584055,106.7146184
2828,10.7814834,106.6910322
20493,16.0678823,108.2324036
20237,16.0287361,108.1725154
11277,15.8993072,108.2318208
2317,15.6183382,108.48102
21773,16.0076662,108.1873407
10765,15.8736374,108.2674092
11533,15.9362772,108.1962362
11021,15.9352177,108.273341
19469,16.0785429,108.2169934
781,16.1532005,107.9768875
19725,16.0472002,108.2199588
21261,16.0554759,108.1250791
22029,15.9866003,108.2021667
12301,15.8684775,108.3267319
12557,15.8766567,108.3623306
12813,15.8920839,108.3148665
2061,15.5466923,108.495859
21517,16.087358,108.0835783
21005,16.0050583,108.2496145
1805,15.5988765,108.5106987
20749,16.1159837,108.273341
24077,15.5594862,108.4780523
19981,16.0693143,108.193271
6684,11.9360685,109.1047663
2332,11.9478235,109.2474701
3356,12.3242061,109.1761126
796,11.5867115,108.9398233
6428,11.9084146,109.1493564
6172,11.9377636,109.158275
284,11.6425583,108.9383377
16668,11.542846,109.0260018
5148,12.4048121,109.2712585
7708,12.4520977,109.2236831
5916,12.1929902,109.1761126
3100,12.2409935,109.1963968
3612,11.59925,109.0156
7196,12.5079519,109.1344926
540,11.5682492,108.9918254
5660,12.2552529,109.1463836
19223,11.7039024,106.5937658
10519,10.9478972,107.2584189
17687,10.9364413,106.8045949
10263,10.9966814,107.2376329
18967,11.6379094,106.5937658
17175,11.5099618,106.9004472
19735,11.4258058,106.6527099
17431,11.5375007,106.8060388
11287,10.8803302,107.2075388
16407,10.9651886,106.9344457
15895,10.9413981,106.9004472
16663,10.8528849,106.8676157
11031,10.9262271,107.2607289
19479,11.4840974,106.5937658
18455,11.8155831,106.9542194
18711,11.810292,107.0185123
1047,10.5308689,107.1706079
18199,10.9466267,106.8561884
1303,10.8733554,106.947666
5911,11.0108494,106.8296372
17943,10.9396145,106.8355372
16151,10.9924652,106.8651493
10775,10.9085511,107.1898113
1294,20.9266466,106.3875898
5134,20.8449115,106.6880841
27662,20.8594817,106.5996595
9742,20.8444157,106.635025
11278,20.8207489,106.38391
7438,21.0532624,106.4523662
17678,21.0532624,106.4523662
18702,21.1071114,106.3169479
28174,21.0833787,106.3817021
27150,20.7148231,106.7765443
2830,20.8440099,106.7287434
2574,20.7645427,106.7411559
10254,20.8469174,106.6969285
2062,20.8107387,106.7411559
17934,20.9454327,106.3434358
12302,20.943698,106.682188
11022,20.9184349,106.5878723
26382,20.8683599,106.6556575
27406,20.8050671,106.682188
4622,20.8227321,106.6497623
19470,20.9777271,106.543676
26894,20.8548368,106.6813411
19214,21.0371086,106.3817021
13070,20.9443947,106.6173415
6158,20.9309576,106.314005
12046,20.9807192,106.6586052
2318,20.7171746,106.7529514
18446,20.8902599,106.5149533
12558,20.9146873,106.7411559
26638,20.8636563,106.702825
19726,20.967009,106.5642998
18958,20.8645582,106.6951643
20238,21.0375373,106.5525145
19982,21.0179312,106.5171626
4878,20.7854766,106.6468148
1038,20.885499,106.208825
6414,20.9011507,106.293406
18190,20.9454327,106.3434358
11790,20.9021888,106.635025
26126,20.8911205,106.6880841
8974,21.0157988,106.5219001
5902,20.9971447,106.493598
8718,20.8092206,106.6408832
27918,20.9255146,106.293129
526,20.9508728,106.2580983
3857,10.3935792,105.4009508
1553,10.6862421,105.1142011
9745,10.5146129,105.044052
16401,10.392522,104.5014479
5137,10.7738259,105.2253316
3601,10.3706358,105.4243804
4113,10.3207567,105.4419546
16145,9.966536999999999,105.1142011
4881,10.7992233,105.2435891
8977,10.6084301,105.0265195
9233,10.6055072,104.9739333
16657,10.3706478,104.5014479
1297,10.6666395,105.0674317
1041,10.0545385,105.0908147
23826,21.2847676,106.2169139
5906,21.1220857,106.1639749
25362,21.1823301,106.2580983
15378,21.385989,106.5937658
24082,21.2946023,106.1757379
5650,21.122707,106.2169139
2834,21.1309825,105.9523622
1810,21.1428068,106.0698963
1042,21.2018571,106.0581397
3602,21.0571879,106.1169299
2066,21.1509647,106.1051705
23058,21.2308811,106.1169299
5394,21.1938481,106.140451
4626,21.0131464,106.0934117
3090,21.1552854,105.9406128
5138,21.160257,106.1286901
15634,21.3244625,106.458256
4882,21.1504557,106.1698563
4370,21.0199437,106.022874
2578,21.1530247,105.9641124
24594,21.2367198,106.293406
25106,21.2557682,106.2155146
3346,21.0490218,106.0816536
24338,21.2324597,106.1852014
3858,21.0315647,106.1139408
4114,21.0535594,106.0346285
22546,21.2933742,106.0698963
2322,21.1066811,105.9641124
23314,21.2183317,106.0375673
22802,21.2939985,106.1228099
1298,21.168249,106.0463837
1554,21.1868491,106.0934117
24850,21.1921595,106.2169139
12307,9.2330595,105.2019295
5907,9.2861871,105.7057792
6675,9.2828018,105.4185227
6419,9.245711799999999,105.7703287
5139,9.1475493,105.1902297
6931,9.2558895,105.5123274
4883,9.150037,105.1317431
5395,9.2383838,105.4575093
6163,9.3090846,105.7938069
2575,10.0103576,105.7380511
15887,10.0725558,105.7409852
2319,10.0485897,105.7879371
3855,9.9847041,105.7644596
13583,9.8468799,105.8172881
4111,9.9932689,105.8114175
18959,9.4068611,106.0052437
11279,9.728205899999999,105.5826123
11535,9.704416,105.629523
11791,9.639626999999999,105.629523
2063,10.0303178,105.7175138
19471,9.453873,105.5650239
24079,9.5658611,105.9406128
13839,9.8170097,105.8202234
19215,9.5647447,105.5978281
3087,10.0354671,105.7791327
4367,10.115935,105.629523
23567,9.5959682,105.9876149
4879,10.0713905,105.652983
23823,9.6220704,106.0052437
3343,10.0257649,105.7556564
2831,10.2320054,105.5884754
3599,10.0851109,105.7057792
4623,10.1616459,105.5826123
16143,10.2903986,105.5064087
16399,10.2279968,105.5591615
5135,10.2520293,105.5122694
8975,9.7831191,105.4478131
8719,9.7609392,105.4595306
18703,9.3413311,106.0287512
18447,9.324166,105.9347384
788,22.6883818,106.2463305
532,22.6486318,106.2669247
276,22.6764993,106.1933837
533,13.1226876,109.2891005
6165,12.8968152,108.2496145
4629,12.7131519,108.0361555
6421,12.7931834,108.2318208
20501,12.9717998,109.3188387
5653,12.6248705,108.0361555
277,12.9951822,109.3723721
1813,13.0437749,109.3128909
24853,13.5066337,109.2474701
4885,12.702178,108.0746859
5141,12.9894531,108.9550518
5397,12.6774087,107.9946667
25365,13.0836818,109.295048
2069,13.4010178,109.2207098
8214,21.4258502,103.0472164
2838,22.0141446,103.1509672
8470,21.3834029,103.0157331
2840,10.4937989,105.6881788
25368,10.4182668,106.6232359
15896,10.4050639,106.1186715
8216,10.4422401,105.629523
19736,10.3829143,106.3516912
24856,10.3506998,106.6703963
3096,10.8486265,105.3716684
25112,10.3602893,106.6939803
8472,10.5294622,105.629523
19992,10.3763987,106.3875898
15384,10.4665054,106.1169299
19480,10.3527424,106.3728707
8728,10.478332,105.6705801
16152,10.3956683,106.1727971
10520,10.3057678,105.7468535
25624,10.4272354,106.6586052
15640,10.3941584,106.0963513
20248,10.3334766,106.3257768
3352,10.8667084,105.3225475
20504,10.3586604,106.3268201
11033,13.978871,108.6056873
10777,13.9954876,108.6769451
24601,13.9206155,109.0572086
25625,13.931977,109.1226018
24857,13.9107455,109.1107114
25369,13.852122,109.0809868
5657,13.9834754,108.0806141
14873,13.4089836,108.4335393
24345,13.8923898,109.0631531
25881,14.4119073,109.0334318
5401,13.9555756,107.9709613
26137,14.501076,109.0334318
27417,14.6146185,109.0096562
26649,14.4525137,109.0809868
27161,14.4564844,109.0334318
26905,14.5273545,108.985882
4889,13.955888,108.0035567
4633,14.0059487,108.042083
23321,13.7782174,109.2415233
24089,13.7839683,109.1701666
3353,13.8367482,109.2712585
23833,13.7257076,109.2058436
23577,13.6931288,109.1285472
26393,14.5760627,109.0037125
5145,14.020733,107.9946667
13850,18.5564451,105.6999122
2330,18.3035933,105.8936224
7706,18.1103908,106.3346061
794,18.0102862,106.4288088
14106,18.5102839,105.6999122
2074,18.0414178,106.3346061
2586,18.3486915,105.9053689
11034,18.3499675,105.884301
1818,18.060332,106.3817021
5136,16.4374633,107.6067354
272,16.521088,107.5919395
4112,16.5448356,107.5801033
3344,16.4900681,107.5564326
6672,16.4220519,107.6866471
2320,16.5033741,107.4676861
3088,16.4064,107.5386809
2576,16.4941388,107.5090974
4368,16.5118231,107.63337
528,16.5111325,107.2429976
1040,16.6479616,107.3730563
1296,16.6894036,107.4203669
1552,16.6305481,107.5090974
784,16.486707,107.3967105
6928,16.2764731,107.5978577
3600,16.4637117,107.5908628
6416,16.4209754,107.63337
3856,16.5571848,107.6508649
4880,16.4565368,107.5830623
5392,16.4085263,107.5801033
4624,16.4767008,107.612654
8219,20.9089361,106.0934117
1307,20.6426568,106.0478532
7963,20.9459351,106.0698963
1051,20.6680574,106.0698963
795,20.6934481,106.0463837
10523,20.4888186,106.3110622
8475,20.9402703,106.1286901
11291,20.4790793,106.3522658
11035,20.4505114,106.3426274
10779,20.4285632,106.3386719
11547,20.4194394,106.3110622
5661,22.3934779,103.4584022
5405,22.3875119,103.4771899
4126,11.5614283,107.8465394
4382,11.6258141,107.6925674
4638,11.4916478,107.7399345
4894,11.5235649,107.8406158
19742,12.0582519,107.7873095
29470,10.9667928,108.042083
3102,11.9327936,108.3563972
20254,11.9632863,107.728092
29214,10.9725767,108.1250791
24862,10.6575765,107.7747887
3358,11.9744257,108.4691492
3870,12.0609635,108.4038672
29726,10.9804603,108.2614775
19998,12.0133492,107.63337
30238,10.9281215,108.0983994
29982,10.9378756,108.1606557
25118,10.6708145,107.7340132
30494,10.8114039,108.0124469
2846,11.8943975,108.439474
3614,11.8762654,108.5463165
16671,21.846805,106.763273
16415,21.8471067,106.8296372
16159,21.8286617,106.7293611
15903,21.8852163,106.7411559
12320,21.6646256,104.9038451
15136,22.4196115,104.0188436
4640,21.5870966,104.5203776
15392,22.4895917,104.0188436
12064,21.7598177,104.8804893
4128,21.5922885,104.4781532
21792,22.3404698,103.8564085
4384,21.6051176,104.5305715
11552,21.6894617,104.9184443
11808,21.7175023,104.8980058
32801,18.7916127,105.7175138
9249,19.2747793,105.6764461
9761,19.2264732,105.6999122
9505,19.2686086,105.7468535
26913,19.2812956,105.4009508
26657,19.2898498,105.4360963
29217,18.6801484,105.6705801
33313,18.6718768,105.6999122
29473,18.7220639,105.652983
29985,18.7213247,105.7292491
29729,18.7253371,105.6823124
28194,20.5843364,105.9758633
12578,20.4657194,106.1286901
2850,20.2221805,106.0111203
26402,20.6466679,105.9288641
546,20.6488789,105.9053689
290,20.6631727,105.9993672
32802,20.6273234,106.0111203
1570,20.570835,105.9347384
2338,20.2676067,105.9582372
13346,20.3918446,106.1757379
32546,20.5826827,105.8701316
27426,20.6141298,105.9053689
26658,20.6290194,105.8701316
28450,20.53802,105.9758633
27170,20.5311052,105.8642593
2082,20.4395711,106.099291
12066,20.4508038,106.1639749
2594,20.2171535,105.9406128
26914,20.6218297,105.8231588
33058,20.5308533,105.9288641
27938,20.5534066,105.9027689
27682,20.5534078,105.8114175
3106,20.1605304,105.8642593
802,20.2741423,105.8877494
12834,20.3962954,106.1286901
12322,20.4590194,106.199266
1826,20.5885292,105.9766362
3618,20.1519559,105.9259271
13090,20.3720451,106.140451
24354,20.398946,106.2227968
3362,20.1878518,105.8818766
3874,20.1686806,105.9641124
23843,21.3963022,105.1990045
12579,20.8391132,105.3541013
12835,20.8759899,105.3950939
37667,21.3267574,105.3541013
23331,21.2395973,105.4251126
23587,21.4252786,105.2311827
2339,21.2472792,105.7057792
13091,20.8554944,105.3336087
37923,21.3075006,105.4360963
1827,20.7895416,105.3248269
21795,21.3499823,105.3541013
37411,21.3340031,105.4009508
21283,21.3141745,105.6119301
21539,21.2942931,105.5767493
2595,21.2957318,105.7145801
3876,15.1178003,108.8135603
16420,14.3203599,107.985777
16164,14.4273959,108.0124469
4900,14.7973289,108.9621091
15908,14.3541816,108.0183739
4132,15.1111759,108.7927679
5412,14.7087855,109.0676114
4388,14.8664283,108.9383377
3364,15.1453135,108.8195012
3365,21.1618668,106.5230542
6949,20.9540555,107.0362272
4901,21.1316717,106.5937658
8741,21.0091641,107.2843726
7461,21.0032442,107.1189141
8997,21.010612,107.3257545
5925,21.0091141,106.8355372
12837,21.0780819,106.493598
2085,20.9183393,106.8768415
7205,20.9571073,107.1189141
7973,20.9417785,107.1277751
3109,20.9407067,107.1661766
6181,20.9535518,106.7853922
5413,21.0601943,106.6438673
805,21.0551849,107.0405167
7717,20.7924584,107.1218678
2341,20.8538314,106.8296372
5157,21.0599621,106.6173415
11301,21.5148805,107.9887402
11557,21.5022207,107.9472579
11813,21.5483616,107.893932
8485,21.1308225,107.2784615
6693,20.8983995,106.7883416
2597,20.9998523,107.2075388
6437,20.9386407,106.8473377
2853,20.9828115,106.9240554
13093,21.0226383,106.7588494
293,21.0871667,106.8060388
4645,21.0010825,106.9712791
5669,21.1174331,106.7352584
1830,17.7539799,106.4214477
2086,17.7326825,106.4523662
16934,16.8046991,107.0716609
1062,17.4663168,106.6173415
1574,17.4421969,106.5642998
1318,17.497478,106.5878723
17190,16.8016839,107.1071
18726,16.6681282,107.1366365
2599,21.3922056,103.8911999
807,21.2881565,103.8796018
2855,21.2803725,103.9724141
19239,20.8549989,104.6208904
3111,20.7969425,104.652952
3623,20.8690193,104.6937674
2343,21.3282677,103.9230997
3367,20.8204468,104.7170954
7464,11.0140516,106.3817021
2856,11.3649762,106.0816536
7976,11.0590972,106.3581527
7720,11.0848812,106.287521
6696,11.2641882,106.1169299
24616,10.5297499,106.3640398
13864,10.7539414,105.9347384
4392,10.5547606,106.4052541
6440,11.2667398,106.1698563
552,11.3364912,106.1492721
24360,10.516389,106.4111425
2600,11.3145659,106.099291
6952,11.2661389,106.0816536
7208,11.0346486,106.3552092
5417,21.5053521,105.8260943
20777,22.1073899,105.8642593
5673,21.4981907,105.8701316
20521,22.1792783,105.8407722
1321,21.5666021,105.8818766
2089,21.6152567,105.8583873
1577,21.5838969,105.8231588
13865,21.4286391,105.8701316
2345,21.4695046,105.7468535
10793,21.6061792,105.802612
10537,21.5873077,105.7879371
5161,21.4540939,105.8466437
1833,21.5468385,105.8466437
14377,21.3622705,105.8671954
14121,21.4031847,105.8936224
11306,20.0636092,105.9112424
12842,19.430503,105.7468535
9514,19.7634091,105.7439194
10026,19.8112898,105.6940454
10282,19.8491771,105.7233814
41514,19.8028528,105.7879371
7978,19.398994,105.776198
12330,19.4925583,105.7644596
8746,19.8465194,105.7850022
11050,19.7165636,105.8466437
13354,19.7671311,105.6424003
11818,19.5840559,105.776198
10538,19.835453,105.8114175
9770,19.7723143,105.8378366
11562,19.773178,105.7755888
10794,19.7585916,105.8936224
12074,19.5146489,105.776198
12586,19.448541,105.7798664
13098,19.4115136,105.6999122
31531,21.7823841,105.2019295
31787,21.7273575,105.2311827
4395,22.8021967,104.9272044
1323,22.8697204,104.9505671
5163,21.824699,105.1843801
6187,21.7615161,105.1142011
4907,21.8382868,105.2253316
19756,10.2034911,106.3758145
20268,10.2384162,106.3287199
1836,10.085108,105.8172881
1580,10.0665624,105.8084823
10284,10.0120838,105.8701316
18476,9.6375461,106.4950707
11308,9.9444612,106.3640398
5164,10.258073,105.9406128
10796,9.9729414,106.3346061
11052,9.936006899999999,106.3169479
20012,10.2456261,106.3993658
20780,10.2673055,106.3993658
5420,10.2163296,105.9611748
20524,10.2623576,106.3375493
5676,10.2152272,105.9288641
5932,10.267248,105.9200531
4908,10.2436801,106.0111203
10540,9.9024377,106.3404925
18732,9.660563,106.5466221
15883,20.9936733,105.7204476
3851,21.0660371,105.348246
10763,21.1589264,105.348246
27403,20.9854963,105.9147298
13579,20.8959551,105.7732633
28939,20.8558808,105.9051542
16651,20.7205947,105.8818766
4107,21.2813067,105.3745964
31243,21.2513813,105.9053689
5387,20.97174,105.6993606
2315,20.7098179,105.9347384
13835,20.8137144,105.7850022
28683,21.0882406,105.6705801
3083,21.0762457,105.488828
7179,21.1104525,105.8642593
7947,21.0534477,105.6705801
3339,21.003538,105.9523622
22795,21.0169353,105.5650239
30731,21.1253794,105.6148621
13067,20.9891204,105.5210607
26635,20.8119704,105.7321768
27147,20.6909687,105.7526278
15627,21.0617296,105.7057792
29707,20.7265825,105.6940454
17931,20.8764505,105.8877494
29963,20.9681181,105.652983
9227,20.6041258,105.7644596
18699,20.9725044,105.6060661
19467,21.2817183,105.7703287
6667,21.1252454,105.6471178
9483,21.1522787,105.7292491
267,21.2135394,105.4478131
10251,20.6390947,105.6999122
23051,20.9175621,105.8818766
523,20.921933,105.8510475
19723,21.2330984,105.7938069
5899,21.1028706,105.6999122
18955,20.9716211,105.5532993
15371,21.0536507,105.959927
12043,20.9359513,105.6559158
7435,20.7383765,105.9083056
31499,21.1393058,105.5591615
16139,20.780392,105.6764461
8203,21.1612993,105.8172881
30987,21.1108475,105.5532993
29195,20.771361,105.8349009
6155,20.8709577,105.6999122
8971,21.1941985,105.776198
7691,21.2004174,105.4251126
20235,21.0092597,105.6471178
19211,21.2556659,105.8532494
16395,21.0422656,105.6969788
3595,21.1662421,105.3789885
30219,20.8800846,105.7879371
26891,21.0421027,105.6060661
22539,21.0749441,105.5650239
13323,20.8475182,105.7644596
23307,20.9324904,105.8466437
8715,21.125749,105.7644596
6923,21.1545643,105.8877494
27659,21.0233303,105.9876149
22283,20.8270859,105.8583873
5643,20.8686746,105.8627913
9739,21.2147111,105.6823124
6411,20.8331155,105.6705801
19979,21.3213442,105.8407722
30475,20.6954929,105.8407722
29451,20.7790698,105.7527221
23819,20.7230694,105.7938069
11019,21.2010304,105.3950939
8459,21.108576,105.8231588
11787,20.8972092,105.5738179
11275,21.0341701,105.4419546
9995,21.0113421,105.8167945
12299,20.9855777,105.4653897
40972,11.3521506,106.6939803
27404,11.074436,106.4759262
2060,10.5549722,106.8060388
30220,10.8565784,106.5642998
40716,11.16239,106.8532381
33292,11.2853477,106.6173415
38412,10.6970348,107.3730563
1292,10.6694477,106.5996595
39948,10.57921,107.5386809
36364,10.6373183,107.2784615
5644,10.7097708,106.6586052
2316,10.637416,106.7883416
26892,10.7661714,106.5230542
28940,10.9399403,106.635025
29196,10.4413583,106.9004472
36876,10.7294922,107.1839024
35852,10.5801908,107.1366365
28428,10.962533,106.5230542
38668,10.5161104,107.3139304
14604,11.3515917,106.4170311
29452,10.9065528,106.6468148
30732,10.6009892,106.7588494
37644,10.5222945,107.3967105
39692,10.6787414,107.5031811
38156,10.6279317,107.4440254
29708,10.8863934,106.5922924
27148,10.6560078,106.6468148
36620,10.7050987,107.2311774
17932,10.4665758,107.2311774
38924,10.4073721,107.2252675
13068,11.3359256,106.4994889
39436,10.4527333,107.0893798
13324,11.4469986,106.4759262
36108,10.6081062,107.2193578
37388,10.5718057,107.1898113
30476,10.6956633,106.7175669
27916,11.0461163,106.493598
5388,11.2833709,106.8414374
28684,11.0205571,106.5636506
39180,10.442306,107.2784615
15372,11.234789,106.7352584
41228,11.3867387,106.7588494
28172,10.9593528,106.4818167
16652,10.6982573,106.5701927
1804,10.7918094,106.5525145
27660,10.9857505,106.3993658
268,11.2316502,106.4052541
16396,11.2316502,106.4052541
5900,11.0351108,106.8827427
14092,11.3524521,106.5937658
1548,10.8302868,106.5466221
37132,10.6404024,107.3198424
29964,10.8957333,106.5466221
37900,10.5585237,107.4262813
16653,15.963014,107.5505152
22797,15.9842501,107.9842954
14349,15.6550132,107.71625
16397,15.8565613,107.7399345
2829,15.5548811,108.4335393
14861,15.4820572,107.6215321
13069,15.904429,108.1072924
11789,15.8818571,108.1725154
8205,15.6418729,108.273341
16141,15.9097839,107.6452085
23565,15.4413413,108.5106987
9741,15.8428084,108.3623306
10253,15.7833378,108.2021667
12045,15.856198,108.2080973
13325,15.8693992,107.9887402
17421,15.5698183,108.059866
22541,15.9722296,108.1725154
22285,15.9783739,108.0361555
17165,15.8012959,107.3139304
18189,15.536171,107.7873095
15117,15.553015,107.4440254
15373,15.6615534,107.36123
3341,15.4553689,108.214028
14605,15.6952206,107.5031811
9997,15.8449043,108.273341
5645,15.113462,108.1310083
9229,15.7152169,108.058384
525,15.4326325,108.6442835
3085,15.4719868,108.4157357
14093,15.7769924,108.0124469
18701,15.3208456,107.7991545
19213,15.4301861,107.9768875
18445,15.3595172,107.7399345
18957,15.2660581,107.9176312
17933,15.4673503,108.0717219
9485,15.6557978,107.9768875
8717,15.6705181,108.2021667
8461,15.7115637,108.2496145
4109,15.5414603,108.2614775
15885,15.9883523,107.7873095
15629,15.9885543,107.9176312
23309,15.480187,108.5819378
269,15.4903619,108.6591293
23053,15.3698036,108.5581899
23821,15.5497384,108.5581899
1293,15.9533498,108.5166348
16909,15.8310405,107.5031811
2573,15.5866093,108.3919991
7181,15.7894675,108.3919991
6925,15.7259324,108.3445308
7693,15.6746836,108.4157357
7949,15.6357579,108.3445308
7437,15.693098,108.463214
3853,15.4473272,108.308934
1037,15.7744106,107.775465
10509,15.7914826,108.1072924
13581,15.8534,107.954903
3597,15.5005881,108.3445308
5133,15.3360991,108.024301
4621,15.2119177,108.2318208
6669,15.246014,108.024301
4365,15.3532759,108.3563972
6413,15.017162,108.0717219
5389,15.3530382,108.2258897
4877,15.3139798,108.154726
5901,15.1520818,108.0717219
6157,15.0851101,108.2021667
17677,15.5946156,108.1665855
13837,15.8571559,108.0657939
8973,15.7977112,108.2970692
15388,11.6049105,108.6888227
16156,11.813231,108.8313832
15900,11.8906588,108.9739954
16412,11.9911516,108.7838572
10268,12.4053877,108.9621091
6940,12.6718738,109.0690976
13340,11.3616536,108.9145675
4380,12.0048603,109.0572086
4636,12.0703653,109.0572086
4124,12.0955342,109.1642208
14620,11.7818806,109.1285472
2076,12.5948998,109.3664237
9244,12.3074813,109.1047663
8732,12.2468822,109.1107114
8988,12.247772,109.0601808
9500,12.3143255,109.0096562
9756,12.2503477,108.985882
12060,11.9880298,108.985882
8220,12.5958964,109.0572086
11548,12.0148485,108.9145675
11292,12.1998585,108.9264524
15132,11.8229376,108.6888227
15644,11.6824581,108.8313832
2588,11.8270873,109.1047663
11036,12.2065753,108.8313832
1052,12.4051548,109.1166566
13852,11.6545947,109.0809868
12316,11.5338143,108.9383377
14876,11.7627572,108.7719766
2844,11.411962,108.9739954
13596,11.5146871,108.736337
12828,11.6038561,108.8670315
12572,11.5486751,108.878915
4892,12.1493729,109.0215438
10012,12.2157794,109.0869316
7452,12.5081266,109.0572086
11804,12.0635304,108.8432656
10780,12.2975581,108.7838572
7964,12.5471118,108.9739954
14364,11.756607,109.0215438
13084,11.4182869,108.878915
10524,12.4257494,108.8313832
1564,12.7995497,109.2712585
1308,12.6310111,109.1761126
8476,12.7425738,109.1523292
1820,12.7295118,109.2534171
3868,11.7133022,109.1761126
14108,11.6552431,108.9918254
7959,10.8093611,106.9240554
8215,10.8757952,107.0007987
8983,11.0004368,107.1071
7447,10.8404645,107.0480378
8471,10.9477227,106.978809
24087,11.7983744,106.8532381
15639,11.8777656,107.172085
14871,11.7986378,107.2075388
2071,12.141976,107.172085
12055,10.8123782,107.2548183
23831,11.8952651,106.888644
16919,10.7442163,106.8237374
279,11.4741607,107.3139304
15383,11.9709423,107.2319162
1559,12.0463651,107.0938097
9495,10.9279337,107.1366365
3607,11.1218314,107.36123
14103,11.4147838,106.8414374
13591,11.6125883,107.0185123
9751,11.0137111,107.1602683
23319,12.0274682,106.888644
9239,10.9146455,107.0834734
3351,11.163618,107.2075388
21783,11.7713411,106.5701927
21527,11.8444591,106.590819
22551,11.8055032,106.7352584
22039,11.8843334,106.5230542
22295,11.7886403,106.4641459
21271,11.7886403,106.4641459
24343,11.7132438,106.8060388
7191,10.7183848,106.9948945
7703,10.7803103,106.9522606
21015,11.5805569,106.5407299
4631,11.405737,107.4499404
14615,11.6171202,107.1248214
19991,11.4991643,106.71167
6423,10.745397,106.9004472
4119,11.200442,107.4144526
5143,11.2747338,107.4943069
535,11.3980055,107.1248214
23575,11.9305719,107.0303221
6167,11.6841613,106.9240554
13079,11.6784457,107.0185123
3863,11.236706,107.3553171
6679,10.6327796,106.9712791
14359,11.7312958,107.2311774
6935,10.691463,107.0188043
12311,10.7417945,107.3494043
4375,11.3488709,107.3967105
5655,11.0259476,106.947666
20503,11.730598,106.6998767
20759,11.5496969,106.6163107
13847,11.4152815,107.0185123
4887,11.2804968,107.4440254
20247,11.5458437,106.6645007
22807,11.9142006,106.7588494
2327,11.3020613,107.2666396
23063,11.9774399,106.8060388
15127,11.880631,107.3021069
10007,11.1009283,107.1602683
13335,11.6196895,106.9004472
8727,10.9782781,107.0185123
5399,11.1098154,106.9678039
3095,11.0258618,107.3257545
12567,10.8827103,107.2607289
1815,10.8259487,107.3967105
11799,10.7946867,107.1839024
791,10.926329,107.5386809
2583,10.9346465,107.3967105
12823,10.9170211,107.3257545
11543,10.8612799,107.1602683
2839,10.995754,107.4676861
14094,20.7439281,106.5996595
1550,20.7797578,106.5878723
4110,20.8155911,106.5760857
13326,21.0087698,106.3758145
14350,20.8086867,106.528946
25358,20.9266099,106.50538
14606,20.8433629,106.528946
24590,20.7945625,106.199266
3598,20.8732963,106.2227968
782,20.9670236,106.2110311
22030,20.9670236,106.2110311
15630,20.6416553,106.6409198
22798,20.8063856,106.4346979
9230,20.8699705,106.3758145
3086,20.8726287,106.1698563
28686,20.8768654,106.3051766
3854,20.8421589,106.3051766
13582,20.9474644,106.4111425
21774,20.8376045,106.470036
7694,20.9196988,106.458256
7950,20.8907951,106.3993658
24846,20.2091069,106.3346061
24078,20.7287571,106.2816361
21262,21.0481035,106.3287199
15886,20.6600974,106.6880841
28430,20.9125724,106.1757379
23566,20.746188,106.3404925
4366,20.7039573,106.71167
9998,20.7138259,106.6703963
14862,20.7704124,106.682188
25870,20.7612017,106.6586052
11534,20.8844022,106.5230542
8462,20.7809538,106.458256
13838,20.9802798,106.415559
270,20.9323022,106.2110311
7182,21.0145332,106.4346979
20494,20.9902563,106.3287199
25102,20.7205972,106.2463305
15118,20.7288793,106.635025
16398,20.8452405,106.7123192
6926,20.7370124,106.4346979
8206,20.9371053,106.3052896
23054,20.7416073,106.3875898
29198,20.961293,106.50538
5390,20.7751709,106.5171626
23822,20.7600401,106.3169479
6670,20.823401,106.3493224
1806,20.6971515,106.5466221
20750,20.9948629,106.2816361
21518,20.8873272,106.4346979
24334,20.7732308,106.2404468
3342,20.8453925,106.1522126
15374,20.7381794,106.5407299
5646,20.6977105,106.5996595
21006,20.9356168,106.3287803
10766,20.8108797,106.2698669
22542,20.817652,106.4081983
22286,20.9740166,106.2580983
12814,20.9929718,106.5937658
10510,20.6341707,106.5407299
16142,20.6935344,106.480344
16654,20.6347262,106.4759262
16910,20.6907665,106.4346979
23310,20.7785948,106.3640398
17166,20.7115885,106.458256
17422,20.7428082,106.493598
28942,20.8814441,106.2580983
22801,9.8043414,105.1025075
11537,10.4125083,105.348246
9489,10.5398586,104.9739333
23825,9.5940509,104.9622498
1809,10.8142824,105.0732771
10257,10.49947,104.9038451
18705,9.8649274,105.1339989
2065,10.3083013,104.7871004
11793,10.4499548,105.3322742
8465,10.5250878,105.2779983
2321,10.261398,104.8571368
6673,10.5860489,105.2604409
12049,10.4595756,105.2779983
5649,10.7484807,105.1843801
8209,10.5492338,105.2311827
18449,9.9198876,105.1843801
13585,10.5423179,105.3716684
6929,10.7000238,105.2779983
11025,10.3628179,105.0206757
12817,10.490523,105.5357139
21265,9.786590499999999,105.2545888
14865,10.329825,105.2545888
23057,9.711557299999999,104.9973028
23569,10.6343357,105.0002242
22545,9.775516999999999,105.0206757
16913,10.4377187,104.5888356
19729,9.887642000000001,105.2955575
21521,9.741151,105.3014109
785,10.3376997,104.6238048
20497,9.8623993,105.488828
7185,10.6868055,105.2136302
21009,9.8451045,105.3950939
13073,10.3838234,105.488828
17425,10.2477737,104.9155243
273,10.0273793,104.5509614
4625,10.944802,105.096661
26129,10.2056169,104.6471221
13329,10.5158397,105.4653897
14097,10.4664526,105.471249
20241,9.8459053,105.2604409
7697,10.6413075,105.1375908
2577,10.4136609,105.4360963
17937,10.195434,105.1025075
20753,9.910117099999999,105.3950939
2833,10.8858854,105.0674317
13841,10.4756645,105.3950939
10001,10.4708984,105.044052
10769,10.3432053,104.9739333
14609,10.2689158,105.1609838
6417,10.6706279,105.3189726
15121,10.3479739,105.386309
3089,10.861603,105.1142011
7441,10.7282651,105.2604409
6161,10.5883342,105.3248269
529,10.182328,104.5291152
17681,10.18947,104.9973028
5393,10.7986632,105.1668326
19217,10.1130343,105.2926308
18961,10.1176066,105.1375908
23313,9.715707499999999,104.9038451
15633,10.3354326,105.1375908
22289,9.8932255,105.0557415
19473,10.0469066,105.2545888
19985,10.008283,105.3833808
18193,10.0037409,105.1317431
8721,10.5423056,105.1492869
14353,10.2437897,105.2311827
3345,10.3169954,104.3282809
10513,10.4179596,105.0089888
24593,9.5878628,105.1025075
24081,9.5868126,104.8804893
12561,10.4227169,105.1375908
24849,9.624835299999999,105.2428853
17169,10.4656488,104.6937674
11281,10.5039104,104.8104424
12305,10.4451972,105.2370339
4369,10.7946397,105.1375908
24337,9.6609485,105.1609838
21777,9.781222,105.3716684
25361,9.4407836,105.2545888
7953,10.5779931,105.2019295
25105,9.4973093,105.1960795
15377,10.3310367,105.3423909
22033,9.630890599999999,105.348246
5905,10.8748336,105.1785307
13074,21.3267114,106.947666
17426,21.2528737,106.3640398
17682,21.3338643,106.3640398
13586,21.3485031,106.7352584
530,21.458142,106.6232359
19474,21.4636261,106.2227968
16402,21.2013931,106.3581527
10002,21.0862817,106.293406
6162,21.0991819,106.1316303
8722,21.0928361,105.9876149
9746,21.091163,106.2139724
11794,21.3951527,106.7876838
14098,21.3094726,106.6645007
10258,21.0769205,106.1522126
11538,21.5232968,106.1463317
16658,21.3742666,106.4229199
23570,21.1672849,106.293406
12562,21.2471145,106.9358604
9234,21.0555507,106.1933837
21778,21.3286268,106.0052437
22034,21.3859035,105.9523622
21522,21.3240992,105.9024322
18450,21.4166908,106.287521
15122,21.4393843,106.5230542
10770,20.9898496,106.1845606
17938,21.3495775,106.2639825
8210,21.1230549,106.0346285
17170,21.3100556,106.4288088
13842,21.3764188,106.6880841
15890,21.2297652,106.6527099
10514,21.035323,106.2227968
18194,21.3490185,106.2110311
14866,21.342126,106.5701927
16914,21.2590844,106.4759262
20498,21.3703855,106.0522616
20754,21.4428243,106.0978214
9490,21.0804708,106.2345633
8978,21.0871721,106.0463837
6418,21.1360355,106.2580983
21010,21.4242846,106.1522126
21266,21.4167213,106.0522616
274,21.5516354,106.7824429
12050,21.3364329,106.8532381
14354,21.5063831,106.5466221
7698,21.2368474,106.0258126
7186,21.2248095,105.9406128
19986,21.5070862,106.0757749
8466,21.0953436,106.0816536
18706,21.2969109,106.2698669
14610,21.3032331,106.0206702
20242,21.3634821,106.1228099
12306,21.1843585,106.7588494
7954,21.1600765,106.0111203
18962,21.4236886,106.2169139
11026,21.0110286,106.2345633
11282,21.0411487,106.2816361
16146,21.252004,106.5466221
786,21.2767782,106.7588494
6930,21.1764105,105.9318012
13330,21.3932602,106.9181532
22290,21.2636643,105.9582372
19730,21.5742688,106.099291
12818,21.3412719,106.8060388
6674,21.1941429,105.9582372
19218,21.4792933,106.1228099
7442,21.2213363,105.9829831
8979,9.157899000000002,105.3248269
15379,9.470580199999999,105.0674317
15891,8.8247517,104.8221147
2579,8.902912599999999,105.0089888
12051,9.3809919,105.629523
5651,9.2095445,104.8688126
2323,8.9697142,105.2077798
1811,8.735351099999999,104.9155243
1299,8.6107433,104.8221147
8723,9.1323056,105.2955575
9491,9.191693599999999,105.5357139
8467,9.0894582,105.4185227
3603,9.1956674,105.130548
9747,9.2734758,105.629523
7443,9.5402798,105.4419546
11795,9.3372716,105.7644596
2835,8.9999295,104.9973028
4371,9.256964499999999,105.0206757
14099,9.1698801,105.044052
14355,9.112209499999999,104.8804893
4627,9.326590999999999,104.9038451
9235,9.151819399999999,105.4653897
3091,9.1136612,105.1025075
2067,8.8050786,105.044052
4115,9.4643606,104.9622498
16147,8.8638505,104.9155243
8211,9.536034,105.5357139
7955,9.501336799999999,105.348246
1043,8.6479542,104.9622498
11027,9.3299521,105.3248269
7187,9.2326172,105.336536
3347,8.959890099999999,104.9272044
16403,8.9412925,104.8571368
10515,9.441667299999999,105.4771084
13587,8.9092995,105.1142011
1555,9.0281466,104.8337879
787,9.0693907,105.2604409
15635,8.811484799999999,105.1492869
13843,8.7278288,105.1025075
531,9.038974200000002,105.0908147
15123,9.2766053,105.1902297
12563,9.0178897,105.336536
12819,8.9433697,105.3248269
13331,8.8849716,105.1843801
14611,9.326831400000001,105.1492869
13075,9.015552099999999,105.1375908
3859,9.2885246,105.7272372
14867,9.4007398,105.1843801
275,9.4251971,104.8688126
10259,9.229470700000002,105.652983
7699,9.5639773,105.3950939
11539,9.3756937,105.7468535
10003,9.308328,105.5708865
10771,9.3904222,105.4185227
11283,9.365765099999999,105.488828
25615,9.8640014,105.9112424
16911,9.6106087,105.9053689
22031,9.6800044,106.1463317
12815,9.949384499999999,105.8231588
6927,10.0608999,105.4185227
22287,9.5689549,106.2169139
26383,9.778677799999999,105.8877494
22543,9.6992732,106.0816536
7183,10.0735612,105.494688
13071,9.9356867,105.7703287
6159,10.0307032,105.4829681
24591,9.438093499999999,105.7938069
15119,9.758068699999999,105.7527221
17423,9.7150088,105.8642593
14351,9.790881599999999,105.629523
9231,9.715233000000001,105.3950939
24335,9.412276,105.8877494
25871,9.776436,105.9347384
527,9.3069609,105.8407722
20495,9.525299300000002,105.7703287
21519,9.4647657,106.1463317
21263,9.4822703,106.1169299
17935,9.6967403,105.7938069
23055,9.5734287,106.1228099
11023,9.6209689,105.4478131
18191,9.585589299999999,105.8642593
1039,9.6034617,105.7116464
17679,9.617189699999999,105.7644596
25103,9.4746384,105.9347384
5647,9.977817199999999,105.6823124
23311,9.793521799999999,106.0287512
24847,9.4789818,105.8407722
5391,10.0108953,105.6705801
271,9.8970152,105.9552997
13327,9.9106547,105.8407722
19983,9.431080300000001,105.7116464
16655,9.7162278,105.9523622
15375,9.8223627,105.7644596
14607,9.723834799999999,105.6764461
21007,9.5337104,106.0522616
14095,9.8557907,105.629523
12303,10.0451618,105.7468535
19727,9.525030899999999,105.6588485
14863,9.7399288,105.7938069
22799,9.5983024,106.0522616
8207,10.1465634,105.3306814
15631,9.8729878,105.7233814
1295,10.1271917,105.3950939
8463,10.209582,105.3775245
20751,9.4928751,106.0052437
12047,9.9339243,105.6940454
26127,9.817383399999999,105.981739
1551,10.1215861,105.5122694
5903,10.0324986,105.5591615
17167,9.6753018,105.9053689
21775,9.5281639,106.1698563
7439,10.1661744,105.488828
25359,9.6856267,106.0287512
1807,9.9868816,105.6060661
12559,9.9446441,105.5826123
6671,10.05195,105.6060661
6415,10.0067768,105.5298525
9999,9.860203499999999,105.5357139
9487,9.7576825,105.5298525
783,9.3788328,106.1463317
20239,9.4409843,105.6119301
7695,10.2221965,105.3980224
9743,9.693365499999999,105.5181302
7951,10.2823648,105.4478131
10255,9.732223399999999,105.5736965
10511,9.6687753,105.4653897
10767,9.6223527,105.5357139
7444,22.6198292,106.1816196
1556,22.9552763,105.6177942
3860,22.8254437,105.5239912
10004,22.6164884,106.5466221
7956,22.714901,105.8172881
5396,22.8755941,105.9464874
11284,22.5071552,106.2639825
2068,22.9921997,105.7116464
1812,23.0399921,105.5826123
13844,22.8351277,106.6645007
14356,22.8914302,106.5701927
13332,22.76021,106.4994889
10260,22.7139589,106.4994889
12052,22.4024075,106.3817021
12308,22.4364234,106.4994889
4372,22.6015053,106.6880841
6164,22.851354,106.1816196
10772,22.5981035,106.4464766
7188,22.7691062,106.1933837
1300,22.8450169,105.6764461
2836,22.8019681,105.7585908
2324,22.9306743,105.7468535
11540,22.6640975,106.2605052
6420,22.9409286,106.099291
3604,22.9693363,105.4771084
4628,22.7787939,106.7588494
11028,22.4808971,106.1816196
9492,22.6886046,106.0757749
3348,22.914807,105.4419546
6932,22.8019875,106.099291
8980,22.6518798,105.981739
7700,22.6874412,106.3110622
8212,22.611753,105.8055471
9748,22.5264681,106.5230542
12564,22.8415505,106.2757514
3092,22.8521064,105.3716684
14100,22.712013,106.7352584
13076,22.8420152,106.3817021
10516,22.7238727,106.4052541
1044,22.7522443,105.6764461
8724,22.5775854,106.0287512
11796,22.492517,106.4052541
8468,22.5478895,105.8642593
5140,22.7725244,105.9347384
5652,22.7908965,105.981739
9236,22.6845973,105.8877494
6676,22.931152,106.1933837
12820,22.7775464,106.3346061
13588,22.8167736,106.5112712
5908,22.9018974,106.0287512
4884,22.652745,106.6409198
2580,22.9003525,105.8172881
4116,22.7326202,105.5239912
2581,12.8791607,107.71625
9237,12.8763499,108.0717219
15637,12.7100116,108.2377519
10261,13.0141836,108.154726
16149,12.8353518,108.6413145
17429,12.5339585,108.5463165
14613,12.6591534,108.6413145
8981,12.7812544,108.1665855
17941,12.3910416,108.0717219
18453,12.3238568,108.2496145
16661,12.594772,108.308934
11797,13.088911,108.3445308
24597,13.4211799,109.0690976
2325,12.5488348,108.1784455
1045,12.9750817,108.985882
19221,12.4758496,108.1191501
1301,12.9655013,108.8195012
7445,13.1246702,107.6925674
10773,13.2082898,108.2258897
6677,12.8594268,108.308934
3861,13.3602682,108.1191501
11285,13.2575733,108.308934
13845,12.7575235,108.4988269
10517,13.179387,108.1665855
8213,12.9681947,108.024301
13589,12.764349,108.4038672
14357,12.9270442,108.5938124
12821,12.6896295,108.214028
2837,12.6182662,108.1310083
1557,12.9928632,108.7482165
8469,12.8830553,107.9768875
19477,12.5382949,108.0124469
18709,12.6116261,108.2258897
7957,12.7197632,107.9413323
14101,12.6219608,108.5463165
14869,12.7387877,108.6056873
13333,12.71686,108.3741977
15381,12.7773638,108.8313832
7189,13.3092349,107.9057813
6933,13.0635233,107.9294815
3605,12.6453754,108.8313832
9493,12.9138109,108.1665855
7701,12.8454742,107.8820831
11029,13.2306231,108.0717219
22549,12.8845777,109.1642208
5909,12.6093689,107.9413323
16405,12.4745127,108.2970692
22293,12.8773727,109.2593642
20757,12.9104435,109.4021154
4117,13.2989616,107.7399345
4373,13.2168338,107.6452085
15893,12.6861443,108.7244578
18965,12.4501455,108.0124469
16917,12.5000374,108.4038672
10005,13.051579,108.2496145
11541,12.9783558,108.3445308
3349,12.2054662,108.214028
12565,12.6829199,108.308934
17685,12.3747152,108.308934
15125,12.7100116,108.2377519
18197,12.3400605,108.0124469
21525,13.2637089,109.2474701
25621,13.0505888,109.1523292
789,13.0910093,109.1998972
24085,13.4359501,108.878915
12309,12.8865615,108.3919991
9749,12.9648259,108.2258897
8725,12.7998344,108.059866
23061,13.1192956,108.9739954
22805,12.935773,109.0690976
26133,12.8548468,108.9739954
25109,13.0823645,108.878915
12053,12.9749069,108.3919991
13077,12.6422483,108.3385977
25877,12.9933141,109.2534171
23573,13.2314822,108.9502232
21013,13.3115565,109.1998972
21269,13.329912,109.2474701
21781,13.1773383,109.2236831
22037,13.2370838,109.1642208
23317,13.2002897,109.0690976
3093,12.6287382,108.4513438
19989,13.5527455,109.2236831
23829,13.479258,109.0334318
20245,13.622907,109.1761126
24341,13.2885963,109.0690976
19733,13.4579426,109.1642208
17173,12.3784576,108.5700636
7446,21.5459451,103.3009828
2326,21.9858751,102.9205295
6678,21.6249712,103.3356272
6934,21.4832127,103.2086442
1814,21.9752019,102.7594847
7702,21.4524203,103.3009828
11030,21.2383069,103.3471775
6166,21.7222472,103.2894368
10006,20.9849532,103.1509672
278,22.2128664,102.4151335
7958,21.4527287,103.1509672
4118,21.5572764,103.0126523
790,22.1607859,102.6331035
3350,21.9748094,103.0587399
2070,21.7193784,102.7364962
1558,21.8139704,102.7623586
3094,21.787618,103.0587399
10262,21.2619548,103.1971067
7190,21.506536,103.1178151
1046,22.1013219,102.644587
3862,21.8553904,103.2786133
9750,21.2386711,103.0472164
3606,21.8808147,103.2086442
11542,21.1773663,103.2317225
10774,21.3699455,103.1625005
6422,21.6963966,103.4627375
5910,21.5561737,103.4627375
1302,22.0337541,102.6661217
9494,21.2611674,102.9838564
5398,21.8473506,103.4742993
2582,21.7644047,102.9090191
4630,22.0925635,103.3356272
534,22.4074626,102.3234816
4886,21.9055279,103.3356272
8982,21.3088614,103.0472164
8726,21.4204829,102.9665821
9238,21.3313715,102.9838564
11286,21.1574165,103.3356272
4374,21.8208601,103.3702811
5142,22.0021377,103.4396172
5654,21.6174389,103.4280586
10518,21.3822786,103.3009828
4120,10.7436984,105.3892372
12056,10.2975673,105.9112424
5144,10.720632,105.4126652
2584,10.804624,105.4829681
21784,10.3376985,106.50538
7192,10.5477285,105.6999122
7704,10.4088492,105.7527221
22040,10.3153957,106.5171626
14104,10.4356884,106.0816536
5400,10.5766484,105.5591615
19224,10.377666,106.217748
13592,10.3529008,105.9993672
17944,10.4337697,106.3287199
21528,10.3579702,106.4288088
6424,10.5151772,105.9112424
23832,10.4194566,106.5495683
23320,10.4056161,106.7588494
22296,10.2972649,106.7588494
13080,10.4897852,105.981739
13848,10.34705,106.0610787
10008,10.2611796,105.6588485
13336,10.4015299,106.0052437
17432,10.5347042,106.2698669
18968,10.3300357,106.2345633
9752,10.256645,105.5932863
9496,10.3574219,105.5826123
24344,10.2983819,106.635025
18456,10.4111932,106.2404468
18200,10.3716499,106.2698669
3864,10.8025802,105.3072646
1304,10.7633621,105.3248269
14616,10.3451168,106.1522126
21016,10.4204468,106.3758145
8984,10.3974955,105.652983
12568,10.3679344,105.9171161
7960,10.340617,105.8114175
12312,10.3805894,105.8818766
6168,10.5556599,105.7585908
14872,10.4489796,106.0346285
12824,10.4268749,105.9347384
7448,10.3527424,106.3728707
20760,10.4518015,106.3993658
14360,10.29202,106.1286901
10264,10.1833808,105.6940454
280,10.5318166,105.5826123
1560,10.6984007,105.6353878
11032,10.2564536,105.8642593
24088,10.3857235,106.6232359
4632,10.6958011,105.471249
6936,10.6362258,105.6764461
4376,10.7423455,105.5239912
22552,10.3456922,106.7647475
23064,10.3838969,106.7087216
10776,10.335001,105.7057792
2328,10.9095944,105.4653897
22808,10.3185602,106.7146184
1816,10.8669587,105.4419546
17688,10.4862586,106.3640398
9240,10.3791189,105.6940454
536,10.5675894,105.4126652
11288,10.2422003,105.8231588
16408,10.438541,106.1845606
26136,10.2347999,106.71167
11544,10.2462649,105.7409852
16664,10.5429194,106.2169139
16920,10.5363294,106.1345705
17176,10.4751893,106.2639825
2072,10.8828477,105.5591615
1048,10.8828477,105.5591615
25880,10.2931003,106.528946
21272,10.3829443,106.470036
792,10.5790008,105.5122694
11800,10.3445856,105.8407722
5912,10.4522227,105.8642593
15128,10.4861616,106.0522616
5656,10.5187739,105.8407722
3608,10.8557337,105.2311827
4888,10.7272256,105.6060661
6680,10.6314323,105.7703287
23576,10.3448342,106.5760857
24600,10.301474,106.5760857
18712,10.342102,106.2110311
9753,13.7261478,108.1310083
33049,14.4643955,108.9383377
2841,14.5556201,108.9145675
34329,14.6225973,108.9145675
28697,14.1775,109.1761126
25113,13.8134667,109.0096562
793,14.4738033,108.6888227
32281,14.3587891,108.8670315
34585,14.5878305,108.7957381
20505,14.1470757,108.308934
7705,13.8518485,107.9413323
5913,14.0365723,108.013383
31769,13.9542984,108.9145675
28953,14.2723704,109.1047663
31513,13.9968345,108.9383377
31001,13.9720706,108.8313832
31257,13.883172,108.8313832
9241,13.8085743,108.0717219
281,13.7018248,108.878915
2585,13.7311079,109.0690976
22553,13.9514977,109.2236831
14617,13.7387497,108.4038672
15897,13.6023993,108.2970692
13849,13.8722318,108.4038672
6681,14.14027,107.9650353
7449,13.7644468,107.9176312
10009,13.5259651,108.1310083
8985,13.7143617,108.0657939
11289,14.0190521,108.7303974
18201,13.9712484,108.1310083
11545,13.9538809,108.4988269
13081,14.4522371,108.4038672
19225,14.2847833,108.2614775
14361,13.6649124,108.7838572
22809,14.0925053,109.1285472
21529,13.7442025,107.7399345
6169,13.9120824,107.8820831
23065,14.2014918,109.1716531
32025,14.3267236,108.985882
28185,14.1423464,108.9264524
20249,14.0950107,108.4038672
18713,13.8977287,108.0717219
7961,13.6926129,107.8346924
3865,13.8783315,107.5860213
21785,13.8695652,107.7044085
1817,13.8027679,107.5505152
17433,13.0763098,108.6650678
20761,14.0085432,107.7873095
16153,13.443392,108.3445308
10521,13.6197781,108.214028
21273,14.0424514,107.9294815
6937,14.2959702,108.1191501
9497,13.5485149,107.9768875
21017,14.0192086,107.6452085
22041,13.829919,107.7873095
8217,13.4665172,107.8820831
10265,13.4525882,108.0717219
6425,14.1874115,107.7873095
1561,13.5008386,107.71625
2073,13.7220435,107.5860213
4121,13.9815382,107.5505152
16665,13.5249966,108.439474
7193,14.126983,107.8465394
8473,13.5589823,107.8346924
2329,13.7185807,107.63337
1305,13.6139223,107.6925674
15129,13.3511308,108.3919991
17689,13.3416511,108.6650678
15385,13.3032664,108.439474
8729,13.7368448,107.9887402
16921,13.5261514,108.5700636
12057,14.1767032,108.4988269
18969,13.9434855,108.2021667
32537,14.2352617,108.878915
19993,13.7460185,108.308934
18457,14.0828118,108.1310083
12313,14.0883127,108.6294384
13337,13.6870013,108.4988269
4377,14.2697266,108.4513438
19737,13.9277754,108.2614775
19481,14.0169366,108.2614775
22297,13.9978264,109.1998972
537,13.6231787,109.3456047
27673,14.0075158,109.0809868
28441,14.2777246,109.1240882
29721,14.341126,109.0809868
3097,14.2906803,109.1523292
29465,14.1205703,109.0572086
29209,14.2114904,109.0334318
15641,13.5201802,108.3563972
17177,13.2220511,108.7838572
16409,13.6498402,108.4038672
12825,14.3960668,108.5463165
14105,13.7204081,108.6413145
3609,13.871801,108.9739954
12569,14.0875289,108.4988269
29977,13.8384307,109.1820586
30745,13.8907371,109.1523292
30233,13.8849513,109.2236831
30489,13.7836779,109.1047663
17945,13.2297518,108.5344435
1049,13.6319695,108.9918254
32793,14.4237253,108.8907988
33817,14.0588063,108.7897976
34073,14.3398853,108.6888227
33305,14.1042718,108.7779168
33561,14.1157024,108.8432656
27929,13.9814424,109.1285472
11801,13.894455,108.6888227
13593,13.7652811,108.5641267
12058,18.2995981,105.9406128
9754,18.1676279,105.9347384
10010,18.2057051,106.0287512
10266,18.1556462,106.0757749
10522,18.2384536,106.1169299
9498,18.2327411,105.981739
13594,18.5043119,105.7703287
14874,18.5893423,105.7879371
1562,18.7120313,105.7703287
12826,18.4248526,105.8231588
17690,18.3761263,105.7175138
11546,18.3416708,105.9876149
5658,18.450912,105.5826123
4378,18.5475561,105.6002024
15642,18.5393132,105.629523
14362,18.4868782,105.6353878
15386,18.4970845,105.5826123
16154,18.4463278,105.7057792
6682,18.3171216,105.6647142
16666,18.5055811,105.8231588
5914,18.2234885,105.6119301
6938,18.1541258,105.7527221
15898,18.1740222,105.5826123
7194,18.2631294,105.7585908
3866,18.5141214,105.4478131
6170,18.1563795,105.6911121
4634,18.4911466,105.4541348
7962,18.1274912,106.2577146
8218,18.0224839,106.287521
8730,18.1562382,106.2698669
8986,17.9825495,106.2169139
9242,18.0510763,106.0875326
8474,18.0930899,106.1345705
538,18.2186613,106.1463317
16922,18.4775011,105.8818766
5146,18.4336983,105.5122694
17178,18.4501798,105.8642593
14618,18.600617,105.7233814
6426,18.1185775,105.7644596
3354,18.5285946,105.4126652
2842,18.5792221,105.2897042
1050,18.4482007,105.1960795
1306,18.3481249,105.2897042
3098,18.4723184,105.3248269
3610,18.5973283,105.488828
12314,18.3872687,105.8583873
11802,18.3907785,105.9523622
11290,18.3645986,105.9552997
13082,18.2960503,105.8466437
282,18.2655158,106.0698963
5402,18.381666,105.5826123
15130,18.6365045,105.776198
7450,18.3178052,105.7938069
16410,18.445007,105.652983
4122,18.5241065,105.5357139
17434,18.4845131,105.7996769
12570,18.3681968,105.8114175
4890,18.2904196,105.4302383
13338,18.4192911,105.7527221
10778,18.3030869,106.0346285
9232,16.3474679,107.1602683
9488,16.2525914,107.2075388
9744,16.2135875,107.2666396
10000,16.1148796,107.36123
10256,16.1977338,107.4558555
2832,16.3008984,107.4440254
8208,16.2396498,108.024301
1808,16.617067,107.4676861
7440,16.3013789,107.7044085
8976,16.169553,107.7873095
7696,16.3354587,107.7695429
8464,16.0950204,107.5978577
8720,16.0416828,107.6925674
5904,16.485005,107.680727
7952,16.2714658,107.8840377
6160,16.3859894,107.775465
5648,16.4540679,107.775465
2064,16.5716569,107.532764
7184,16.3550675,107.8702347
24603,20.6953529,106.3875898
14875,20.3733161,106.5201084
4379,20.8267626,106.1051705
26651,20.5722368,106.4052541
26395,20.5439047,106.3993658
13083,20.5116528,106.493598
12315,20.6029578,106.50538
25627,20.5749846,106.3169479
20251,20.3186276,106.458256
20763,20.4517587,106.4258643
19995,20.324064,106.4317533
6683,20.8088337,105.9288641
6427,20.7748597,105.981739
9243,20.9896431,106.0669571
18203,20.6321313,106.2639825
2843,20.7296472,106.1522126
24347,20.6375384,106.3875898
15131,20.3964784,106.5790323
25371,20.5494728,106.356681
16155,20.5080855,106.4111425
539,20.4891616,106.5466221
12059,20.6052827,106.5996595
15387,20.4470053,106.5642998
25883,20.5518555,106.3169479
4123,20.7285343,105.981739
283,20.7143649,106.0698963
7451,20.9054417,105.9788011
1819,20.6994239,106.1051705
17691,20.5377526,106.2227968
5403,20.744195,106.1070475
20507,20.3600854,106.3875898
16923,20.5929854,106.2198553
15899,20.3020482,106.5701927
5659,20.8211873,105.981739
18971,20.3786731,106.4346979
8987,20.9889387,106.0140586
19227,20.4482522,106.3415284
17435,20.5653854,106.1757379
18715,20.6150383,106.140451
3611,20.7427472,106.0757749
10267,20.8988948,105.9259271
23323,20.6895003,106.3287199
15643,20.3714773,106.5539877
26139,20.5126313,106.3640398
13595,20.4642864,106.50538
12827,20.5497574,106.458256
22811,20.3256404,106.50538
16411,20.5182938,106.3051766
3867,20.7939182,106.0552006
9499,20.9433686,105.9758633
24091,20.6720524,106.2698669
18459,20.6348122,106.1757379
23579,20.6442366,106.0559415
5147,20.4347075,106.2816777
7707,20.9369988,106.0272819
8731,20.9820939,105.9876301
4891,20.8719408,106.1169299
24859,20.6456687,106.4229199
9755,20.9594396,105.9288641
2587,20.7494049,106.1875016
19483,20.4182196,106.4140868
23835,20.6166942,106.3640398
23067,20.6484519,106.3346061
1563,20.6288538,106.1169299
21787,20.419838,106.2463305
25115,20.7790123,106.1654452
13851,20.5162252,106.4464766
14107,20.5832871,106.470036
14619,20.3625753,106.4818167
13339,20.5290249,106.5525145
11803,20.5584857,106.5466221
17947,20.601515,106.2816361
21531,20.4881092,106.2580983
22043,20.3877182,106.3404925
12571,20.5682877,106.50538
14363,20.424416,106.4994889
2331,20.6822269,106.1639749
16667,20.5343746,106.2580983
17179,20.6187344,106.2227968
2075,20.6729045,106.140451
3099,20.6976799,106.2139724
3355,20.6577475,106.2080897
21019,20.483015,106.4612009
5915,20.8507027,105.9758633
10011,20.9119787,105.9406128
22555,20.4978261,106.2169139
6171,20.8230583,106.022874
7195,20.8832086,105.9993672
19739,20.4037136,106.3846459
21275,20.4348402,106.2860497
22299,20.3690942,106.293406
4635,20.6398629,106.1455966
6939,20.883939,106.0522616
4381,22.2824199,103.7173325
4637,22.3647541,103.6420599
9245,22.5045381,102.8744945
9501,22.3246389,102.7824777
6685,22.6623555,103.3702811
7709,22.4363557,103.2778918
8733,22.3566615,102.9665821
2589,21.7695791,103.8448134
6941,22.592244,103.3702811
5149,22.2475371,103.5784012
1821,22.0950771,103.1625005
541,22.4905556,102.4609873
4125,22.1929638,103.6710059
2333,21.8708246,103.752088
8477,22.1552454,102.8514837
9757,22.4761105,102.644587
3101,22.0136914,103.8564085
1309,22.1234125,103.4801323
2077,22.1657235,103.0126523
1565,22.1442954,103.416501
3613,22.0694023,103.6131203
7965,22.2757409,103.3818345
8989,22.4136861,103.1279039
1053,22.6166366,102.644587
3357,22.085709,103.8332193
6173,22.5279421,103.3009828
8221,22.217375,103.5205565
6429,22.7470804,103.3356272
7453,22.3340121,103.2432632
5917,22.5016648,103.4742993
4893,22.4003614,103.5668302
285,22.364418,102.5757028
3869,22.2064133,103.7868526
2845,21.9650203,103.8796018
797,22.6311525,102.4609873
7197,22.1899002,103.2894368
22302,11.2344727,108.5344435
25886,11.3460756,107.7991545
12062,11.6605746,107.8346924
12318,11.5365824,107.893932
12574,11.3984022,107.8346924
12830,11.7919247,107.8346924
13086,11.7397954,107.6215321
11294,11.4342596,108.1310083
14622,11.5895156,107.3967105
14878,11.649406,107.3139304
15134,11.7282991,107.4558555
15902,12.5921901,107.8702347
5918,11.8394839,108.6056873
13342,11.4276294,107.5386809
13598,11.4538402,107.6452085
2590,11.3635684,107.6925674
13854,11.5129011,107.485433
14110,11.535493,107.5623501
14366,11.6347235,107.5505152
16670,12.545896,107.7399345
16926,12.4474022,107.728092
18206,12.3285301,107.6925674
15390,12.7258875,107.6925674
9246,11.9486182,108.1191501
9502,12.0363042,108.1191501
9758,12.1545962,108.154726
10014,12.1957489,108.3563972
10270,11.5747744,108.0657939
11038,11.7522055,107.9413323
7710,11.7758469,108.2496145
5150,11.7414389,108.439474
23582,11.1746563,107.9294815
26142,11.1492295,107.7221709
18462,12.2364357,107.5860213
16414,12.4521731,107.6570475
27166,11.1861171,107.5623501
6686,11.6705209,108.3563972
11806,11.505251,108.214028
22558,11.2607483,108.463214
31262,10.9110848,107.9768875
28958,11.0036842,108.059866
24350,10.7544882,107.6925674
31006,10.9891881,107.9413323
28446,11.0905406,108.059866
28190,11.1629283,108.1191501
31774,10.8387457,107.9176312
6174,11.7816322,108.4098014
10782,11.4361033,107.9294815
10526,11.5175776,107.9354068
1822,11.061298,108.3563972
27422,11.1467881,107.4913489
28702,11.1135778,108.214028
2334,11.1971099,108.439474
5406,11.7303489,108.6056873
21022,11.9887661,107.5031811
17438,12.4205658,107.7991545
27934,11.2312596,107.893932
6430,12.2029451,108.5700636
22046,11.2671654,108.7007007
23326,11.2233459,108.3682641
8478,11.8452927,108.3563972
17182,12.4888736,107.9294815
15646,12.6584241,107.8702347
8222,11.8836353,108.273341
17694,12.3544562,107.7991545
26910,11.2820908,107.5978577
25630,11.2864896,107.7044085
21278,11.9387512,107.5978577
1054,11.5894308,108.2614775
1310,11.2082009,108.6056873
22814,11.4291873,108.3801314
7966,11.9321531,108.2021667
8990,11.7765703,108.0717219
286,12.1609823,108.059866
19486,11.9234479,107.8346924
5662,11.6898965,108.5581899
17950,12.2520746,108.0124469
542,12.1602961,107.9057813
20510,12.0388075,107.4085384
21534,11.8599607,107.4558555
798,12.2532822,107.3700997
11550,11.3399603,108.0717219
24606,10.6576658,107.680727
23070,11.2409649,108.2614775
26654,10.9743732,107.6452085
19230,11.8906955,108.0005933
7198,11.5832512,108.3563972
7454,11.57392,108.4988269
8734,11.7266426,108.1665855
25374,10.739681,107.852463
6942,11.7130214,108.291137
23838,10.8762252,107.8346924
24094,10.8421951,107.6304105
31518,10.7276107,107.9650353
26398,11.0121921,107.7399345
16158,12.3966375,107.5801033
18718,12.2851649,107.5150139
27678,11.0552638,107.4736016
18974,12.1555043,107.6452085
20766,12.1678375,107.4558555
1566,11.4106599,108.6650678
30750,10.918347,108.0361555
21790,11.3291864,108.7482165
15647,21.8887272,106.9830865
4895,21.9212162,106.3346061
14367,21.7169352,106.5230542
2847,21.9651138,106.3581527
13087,21.5900656,106.4052541
15135,21.9419939,106.8060388
287,21.4636371,107.1839024
13343,21.5781568,106.5230542
13855,21.7158284,106.7588494
15391,21.8908425,106.8532381
6687,21.9433844,106.5701927
543,21.6017414,107.0775671
1311,22.3990077,106.2463305
14879,21.9183998,106.6998767
3615,22.1837765,106.3699271
8223,21.9591948,106.6409198
8991,22.0224826,106.4759262
3359,22.099154,106.4052541
5151,21.8701436,106.3817021
12831,21.6618618,106.3817021
11295,21.5022303,106.3581527
2335,22.2646869,106.5937658
7711,21.8411575,106.6645007
10783,21.7274387,107.0893798
799,21.5867695,107.2193578
9247,21.7589587,106.9270066
10015,21.5988701,106.9948945
9503,21.8283378,106.9535691
9759,21.6986434,106.9240554
7967,22.0772484,106.6173415
14111,21.6921024,106.6527099
5663,21.7663006,106.2639825
13599,21.6355141,106.6409198
2079,22.3852395,106.5466221
2591,22.1953167,106.5937658
3871,22.1367421,106.2639825
7455,21.8073805,106.5996595
11807,21.4720058,106.4288088
1567,22.3147003,106.3346061
6175,21.8707289,106.1463317
3103,21.8884882,106.4288088
11039,21.4780243,106.9358604
1055,22.3049747,106.4288088
4127,22.0720592,106.2169139
4639,22.0097049,106.1463317
12319,21.5626181,106.2169139
4383,22.0393475,106.3110622
10271,21.6853822,106.8296372
8479,22.1134111,106.6586052
1823,22.2075557,106.4759262
7199,21.7935374,106.4523662
11551,21.4431971,106.3699271
8735,22.0845838,106.5466221
14623,21.6291984,106.4759262
12063,21.5347808,106.2639825
6431,21.8581308,106.4994889
5407,21.8229968,106.2757514
5919,21.8196956,106.1933837
10527,21.5905261,106.8532381
12575,21.6377859,106.2757514
6943,21.807043,106.5466221
16928,22.7193785,103.6594267
23328,22.5367657,104.2904734
21536,22.215726,103.9492051
24608,22.5808368,104.0420642
23072,22.50293,104.3908304
17440,22.5139099,103.7405019
11296,21.9015563,104.8571368
19232,22.2021136,104.367553
22816,22.445607,104.2512221
14368,22.3860268,104.1349852
17952,22.2149326,104.4839765
17696,22.5165227,103.8448134
10272,22.0008673,104.9155243
24864,22.6404366,104.158225
1824,21.4508836,104.6937674
6176,21.5102368,104.8104424
6944,21.992582,104.4956239
1312,21.7070562,104.0304535
20512,21.9923764,104.367553
22560,22.3924067,104.2812804
15648,22.4510908,103.9260001
16416,22.5792801,103.6594267
7456,21.9534985,104.6063192
20256,22.0321392,104.1814686
5152,21.7212924,104.4024704
14880,22.3688681,104.0652887
3360,21.5148504,104.4315746
15904,22.3496286,104.0188436
12832,21.5884616,104.7170954
9504,22.1196721,104.6354631
19744,22.009195,104.3093759
2336,21.9103701,103.9724141
7200,22.0730646,104.5072722
8736,22.2212452,104.670443
1568,21.80437,103.98402
3872,21.637849,104.4898001
8992,22.1174237,104.7871004
23840,22.6024613,104.3210095
13088,21.6316297,104.7670519
7968,21.8931932,104.6937674
20768,21.9282227,104.1698463
8480,21.7005552,104.6354631
2592,21.8516602,104.1117492
21280,22.2203058,104.0304535
16160,22.5305954,103.7119301
24352,22.7611755,104.1117492
10016,22.1596549,104.8337879
21024,22.1229342,104.0769024
544,21.8693404,104.3093759
800,22.0843678,103.98402
18208,22.4034011,104.4606845
6432,21.412956,104.8571368
2080,22.4398642,103.7868526
24096,22.8185173,104.2512221
3616,21.43351,104.4956239
6688,21.9120916,104.4839765
288,21.8103684,104.4490398
13856,22.4793008,104.1349852
18976,22.1620184,104.5538744
9760,22.022295,104.6821048
2848,21.741666,104.1698463
13600,21.6921584,104.7287607
25120,22.6765844,104.2744808
25376,22.6595733,104.204716
5408,21.6844394,104.4898001
23584,22.6194185,104.3908304
22048,22.3851327,103.8796018
22304,22.2704489,103.8564085
1056,21.4824683,104.6004911
7712,21.8020597,104.5422225
9248,22.123854,104.7170954
14624,22.2587934,104.1233667
10784,21.7680246,105.044052
5920,21.3980763,104.7637619
18464,22.291133,104.4141114
3104,21.5814817,104.4024704
12576,21.8127528,104.8104424
17184,22.6559921,103.7173325
4896,21.7801854,104.262851
20000,22.1192469,104.2512221
5664,21.573534,104.6238048
13344,21.5990837,104.8571368
19488,22.1720474,104.1814686
8224,21.8000733,104.6937674
18720,22.3059945,104.5072722
14112,22.3396715,104.262851
16672,22.6426427,103.6015463
11040,21.7766515,104.9505671
10528,21.9035014,104.9622498
6945,18.9277512,105.6119301
2849,18.8375139,104.9622498
3617,18.9677456,105.2077798
801,19.6514785,104.2279672
8481,18.8323973,105.4419546
7969,18.9869752,105.2545888
25889,18.6176872,105.3833808
1825,19.2459778,104.9272044
32033,19.1059612,105.488828
5153,19.1358175,104.8571368
24353,18.8500651,105.2311827
2081,19.479377,105.1843801
20001,19.3859549,105.0557415
5409,18.9993206,104.6821048
19745,19.3866624,105.1843801
18721,19.6642786,105.0557415
11553,19.3542864,104.3093759
4385,19.0305272,104.8688126
26145,18.8065679,105.336536
13089,18.7320158,105.5357139
5665,18.9865497,105.6002024
7713,18.8967529,105.2955575
27169,19.2910886,105.488828
16161,18.782076,105.6940454
32289,19.0609556,105.5415755
5921,19.0337999,105.5884754
31777,19.0868335,105.4419546
23585,19.1887237,105.1960795
6433,19.0538909,105.6236585
16929,18.8659513,105.6588485
24865,18.7835501,105.0557415
25377,18.7536259,105.2779983
30753,18.920921,105.488828
18977,19.4401963,104.9622498
7457,19.097899,105.5826123
10017,18.6725877,105.6236585
10273,18.6158426,105.6119301
545,19.5333102,104.2512221
289,19.5137586,104.6354631
11041,19.3616825,104.2163411
1057,19.6142282,104.1117492
25633,18.671707,105.2897042
13601,18.8825386,105.3170908
10529,18.6118705,105.6588485
2337,19.3342854,104.4141114
8993,18.9598979,105.3014109
4897,19.1155619,104.9622498
7201,18.9684526,105.5415755
20769,19.2734413,105.2897042
4641,18.8914639,104.8688126
20513,19.2342899,105.0674317
20257,19.2932184,105.0557415
1313,19.4900287,104.3559158
17953,19.498315,104.8221147
12065,19.3208696,103.9956269
10785,19.3868569,104.1553198
1569,19.6295308,104.3559158
11809,19.5514365,104.1698463
12321,19.2221991,104.2163411
11297,19.4583892,104.1698463
12833,18.7610633,105.4653897
28705,19.3126652,104.8221147
15649,18.7755391,105.6353878
13857,19.3625626,105.4653897
23329,19.1695435,105.3541013
23841,18.994805,105.1609838
14881,19.3594421,105.3336087
15137,19.2244203,105.3892372
14369,19.4141493,105.471249
15393,19.2025422,105.4419546
14625,19.4547462,105.336536
14113,19.3564629,105.5357139
3361,19.0103079,104.9739333
28961,19.5716797,104.4956239
15905,18.8013472,105.5357139
30497,18.9711592,105.4419546
6177,19.0305375,105.5591615
31521,19.0445455,105.3950939
33057,19.648232,104.8337879
18465,19.6058861,105.1960795
19233,19.3171393,105.1843801
2593,19.1571043,105.6999122
21025,19.1338077,105.6353878
21793,19.110865,105.6999122
22049,19.1652571,105.6060661
21537,19.1796463,105.5064087
22305,19.3040566,105.6060661
21281,19.2074402,105.652983
25121,18.7257146,105.1960795
24609,18.8090842,105.2370339
19489,19.4018511,105.2779983
27425,19.1209679,104.6121475
27681,19.2087883,104.5305715
23073,19.0917593,105.1785307
6689,18.8918116,105.5591615
22561,19.0465114,105.2692193
22817,19.2052691,105.3423909
16673,18.8415829,105.6060661
4129,19.0759617,105.0206757
13345,18.5914238,105.5591615
18209,19.8327122,104.9856176
8737,18.8475378,105.3306814
24097,19.1039101,105.1025075
17441,19.6848173,104.9505671
17697,19.6453965,104.7287607
16417,18.8144669,105.652983
27937,19.2539038,104.4024704
12577,18.6897524,105.488828
31265,18.9790933,105.348246
8225,18.8826025,105.3950939
17185,18.8726853,105.5122694
31009,18.9248994,105.4419546
3873,18.9369546,105.0206757
26401,18.7187692,105.4185227
28449,19.2777513,104.6821048
28193,19.3317818,104.5888356
30241,18.9965823,105.4829681
32545,18.756428,105.5884754
3105,18.9021932,105.1609838
31266,20.5627604,106.0816536
29218,20.5254012,106.0535266
29474,20.4922035,106.0934117
28706,20.5462776,106.0111203
11554,19.9853507,106.0698963
28962,20.490637,106.0060437
29730,20.1702755,105.9586044
18210,20.2545944,106.2816361
10018,20.1291345,106.140451
17698,20.3135216,106.2698669
6690,20.2957026,105.652983
4386,20.4737531,106.1507424
11298,20.0294318,106.0934117
9762,20.1034024,105.981739
22562,20.2470034,106.1169299
4642,20.3785527,105.8231588
5922,20.4008098,105.7703287
4898,20.2974779,105.8231588
5410,20.3418709,105.9376756
6178,20.3470555,105.7879371
5154,20.3488605,105.8936224
4130,20.37529,105.8583873
25890,20.2318306,106.3993658
24866,20.2373,106.5230542
25634,20.2400071,106.4346979
24610,20.232755,106.5701927
26146,20.210965,106.3758145
25378,20.23662,106.470036
25122,20.2769279,106.4111425
21538,20.1340822,106.2110311
20770,20.2178574,106.2728091
20514,20.196791,106.2816361
21282,20.2091069,106.3346061
21794,20.1598852,106.3051766
22306,20.063611,106.2227968
21026,20.128544,106.2698669
22050,20.1002002,106.2639825
15138,20.4365582,106.0698963
23330,20.0859107,106.1698563
8482,20.1766303,106.0963513
7970,20.1577584,106.0816536
8226,20.2145017,106.0934117
8738,20.1985284,106.140451
11810,19.9521886,106.0845931
10274,20.0536547,106.0816536
11042,20.0789714,106.0581397
29986,20.5054902,105.9523622
15650,20.3216471,106.1228099
30754,20.6052772,105.9993672
14882,20.4132194,106.0408586
18978,20.1896772,106.2345633
14114,20.2877399,106.1757379
14626,20.3724581,106.2580983
32290,20.5086533,106.1639749
13858,20.3086496,106.199266
14370,20.3053082,106.2345633
13602,20.3433475,106.199266
31010,20.5892532,106.0463837
22818,20.2310174,106.1639749
23842,20.0260931,106.1448615
23074,20.1952157,106.1757379
32034,20.545604,106.140451
5666,20.3173952,105.7483206
19234,20.1814393,106.199266
17954,20.310163,106.3051766
10786,20.075694,106.0934117
17442,20.3654551,105.9641124
6946,20.190155,105.7938069
6434,20.3640415,105.7292491
18722,20.2392591,106.199266
10530,20.0977313,106.1051705
23586,20.0448926,106.1757379
7458,20.2406528,105.8114175
24098,19.9698637,106.1433913
17186,20.3818405,106.0142287
30242,20.4733356,105.9497035
1058,20.458074,105.9641124
30498,20.4362578,105.8877494
1314,20.4318754,105.9347384
7202,20.282808,105.7938069
31778,20.5709855,106.1169299
18466,20.2474902,106.2345633
16674,20.2987937,106.0581397
31522,20.5594485,106.0303261
15394,20.3428734,106.0816536
16930,20.3458186,106.0422914
20002,20.3254111,106.3875898
20258,20.3426007,106.3287199
19746,20.2814313,106.3640398
19490,20.255341,106.3346061
15906,20.3042881,105.9993672
16418,20.2775804,106.099291
16162,20.26408,106.0581397
7714,20.189421,106.0522616
9506,20.0938102,106.022874
8994,20.164322,106.0111203
9250,20.1379053,106.0463837
8739,20.4103889,105.7292491
8995,20.5695472,105.6999122
23075,21.2577072,105.3160455
27939,21.6517626,105.044052
9507,20.6351294,104.9739333
20259,21.2749291,105.6588485
25123,21.4113483,105.3841262
21027,21.404413,105.6999122
20771,21.3340421,105.6471178
29731,21.4149682,105.0908147
9251,20.7066634,105.6588485
3107,20.7019477,105.3306814
4131,20.8508249,105.1609838
27427,21.566873,105.2077798
27683,21.6917753,105.1142011
26403,21.4254138,105.1668326
33827,21.1052776,105.2370339
3875,20.8550363,105.2428853
16163,21.461989,105.5826123
6947,20.4012349,105.5122694
24355,21.4704839,105.3072646
28451,21.632809,104.9973028
2083,21.5106338,105.5591615
32547,21.2118604,105.2779983
26915,21.6155274,105.1843801
30499,21.2986652,105.1551352
26147,21.434875,105.1902297
4387,21.0239204,104.9155243
5667,20.5571614,105.5826123
28195,21.5883567,105.0382076
13859,21.4544976,105.3541013
29475,21.569446,104.9272044
32035,21.3555724,105.2311827
16931,21.3346291,105.5181302
25891,21.4751323,105.1317431
16675,21.3313161,105.5532993
5923,20.6499301,105.5826123
15395,21.5026535,105.4595306
30243,21.3578412,105.1434387
34083,21.0049475,105.2545888
22051,21.3416354,105.3189726
34595,21.0071373,105.1025075
5155,20.6563892,105.5122694
11811,20.4854455,105.6060661
6435,20.4497487,105.488828
8483,20.4681511,105.7938069
35363,21.2279441,104.9096846
22307,21.2284279,105.1449008
14371,21.4266449,105.4653897
19491,21.1793661,105.5650239
15139,21.3937638,105.5064087
26659,21.3651587,105.1902297
1059,20.8166356,105.5357139
35875,21.0916548,105.0674317
2851,20.8905769,105.488828
1315,20.6733267,105.0674317
9763,20.603622,105.0674317
35107,21.1846357,105.0674317
37155,21.2501145,105.1142011
10531,20.6375649,105.2077798
5411,20.6860223,105.4419546
11043,20.7093407,105.1843801
3363,20.6481247,105.348246
6691,20.5910705,105.4653897
6179,20.7513454,105.488828
7203,20.4139279,105.3716684
20003,21.2013363,105.6089981
7459,20.5425362,105.488828
1571,20.711044,104.9038451
29987,21.3832308,105.1200482
24611,21.5307456,105.2838511
24099,21.4187615,105.3014109
22819,21.2944821,105.2794615
25635,21.5247304,105.1609838
4643,20.8718982,105.0557415
7715,20.4856522,105.348246
15651,21.3285245,105.4595306
36643,21.4764035,104.9272044
13603,21.3782533,105.4243804
15907,21.4532302,105.6441852
16419,21.3691603,105.5826123
17187,21.4177956,105.5591615
19747,21.214175,105.5650239
31267,21.2508911,105.2955575
13347,21.4310478,105.4185227
10275,20.5679413,105.336536
10019,20.7726056,105.0615865
4899,20.9775395,105.044052
34851,21.2607386,104.9973028
27171,21.6378452,105.1317431
19235,21.247462,105.5503683
14883,21.4533147,105.5210607
25379,21.5058045,105.1142011
33059,21.1950802,105.2077798
32291,21.1421734,105.2779983
12323,20.971004,105.3716684
17699,21.2538408,105.4899113
31523,21.2562876,105.2370339
547,21.3072159,104.8688126
3619,20.7463022,105.2253316
7971,20.5030561,105.3804526
36387,21.3230923,105.0148322
14627,21.3643257,105.4800382
30755,21.4678874,105.0206757
803,20.7832308,105.1375908
10787,20.5404874,105.2545888
24867,21.5002524,105.2370339
291,21.3579903,104.9505671
32803,21.07776,105.2838511
31011,21.4245261,105.0498966
29219,21.5323687,105.0148322
33571,21.059936,105.1609838
11299,20.5446753,105.2077798
31779,21.3091029,105.2311827
18211,21.3125192,105.5064087
28963,21.5175284,105.0498966
17955,21.2788003,105.494688
18467,21.3141745,105.6119301
18723,21.2588769,105.4595306
17443,21.2170453,105.5034785
33315,21.1550166,105.1375908
35619,21.1127555,104.9622498
20515,21.2487039,105.629523
22563,21.3718413,105.2750719
36899,21.4002586,104.9973028
28707,21.5544528,105.0908147
18979,21.2583789,105.5884754
14115,21.5051107,105.3716684
36131,21.3473647,105.0674317
8227,20.4919383,105.471249
34339,20.9563582,105.2779983
11555,20.3927035,105.6060661
12067,20.3630907,105.6764461
3620,15.11881,108.8670315
14372,14.7785581,108.6531909
15140,14.8235701,108.7838572
6436,15.2248454,108.6769451
14628,14.6564896,108.6413145
14116,14.6564896,108.6413145
13860,14.6969036,108.5581899
14884,14.8315446,108.6888227
548,14.6297819,108.5581899
5924,15.2707596,108.7303974
5668,15.2768881,108.6591293
15652,15.3207616,108.736337
20516,14.6953382,107.5978577
804,15.1696323,108.5344435
18468,14.5183818,107.9235563
23332,14.605558,108.1665855
292,14.9652733,107.5978577
17700,14.5692895,107.9176312
22308,14.9024462,107.680727
22052,15.0890449,107.7399345
21796,15.2280571,107.6925674
17444,14.7066153,108.024301
17188,14.3136386,108.0361555
23844,14.5045923,108.308934
19492,14.9464093,107.8346924
18980,14.6318949,107.8346924
19748,14.8526956,107.8820831
17956,14.616907,108.024301
15396,14.7261226,108.878915
8484,14.9884522,108.8195012
2596,15.2553985,108.8432656
10532,15.277884,108.5819378
21028,14.8227915,107.6925674
16932,14.3228541,107.9176312
1828,14.0815631,107.4085384
2084,14.1399354,107.5268471
5156,14.726262,109.0096562
23588,14.4264389,108.1665855
19236,14.7525541,107.8702347
24612,14.7207651,108.4038672
10020,14.9131948,108.9145675
9252,15.0444621,108.8848569
24356,14.91568,108.214028
24100,14.5941164,108.308934
20260,14.9311287,108.024301
13348,14.9251122,108.6413145
9508,15.004761,108.8907988
9764,14.9416455,108.8432656
1316,14.3119968,107.6215321
7716,15.1086063,108.7244578
8228,15.0648127,108.7779168
21540,15.0634368,107.9176312
16676,14.3900203,107.9176312
18212,14.4824509,108.024301
18724,14.7254288,107.7873095
4644,14.8175748,108.9532904
8996,15.0393276,108.7482165
1572,14.508352,107.6925674
22820,14.3670846,107.852463
20772,14.6018013,107.6452085
22564,14.4234543,107.775465
11812,15.0429309,108.439474
11300,15.0429309,108.439474
12324,14.8595575,108.4869555
11556,15.0065555,108.6056873
13604,14.9985359,108.7007007
12580,14.9610539,108.3445308
13092,14.9449222,108.4038672
12836,15.0323286,108.2970692
12068,14.9248302,108.5106987
6692,15.1758951,108.7244578
10788,15.1734012,108.3563972
2340,15.1571875,108.4157357
11044,15.2715503,108.3919991
8740,14.9253009,108.7719766
6948,15.2146386,108.7957381
3108,15.1789141,108.8848569
10276,15.2512645,108.4988269
7972,15.0902254,108.6769451
6180,15.1676845,108.6235004
20004,14.812361,107.9650353
7204,15.0780673,108.8195012
1060,15.3247803,108.8195012
7460,15.0577,108.8610899
21284,15.1264311,107.8346924
23076,14.2769356,107.7873095
13605,21.2704979,107.2932396
13861,21.5255564,107.36123
4133,21.3146254,107.7428952
12069,21.3286688,107.5860213
4389,21.4280876,107.3021069
1317,21.3413337,107.4676861
549,21.409347,107.6594694
1829,21.1448479,107.3521232
1573,21.2822471,107.3730563
11045,21.5357736,107.7991545
10789,21.6176265,107.7873095
10277,21.5666749,107.5150139
9509,21.1814283,107.1248214
10533,21.5538089,107.4203669
9253,21.2590079,107.0377001
10021,21.5691558,107.7044085
3877,21.4284466,107.728092
8229,21.1134077,106.888644
9765,21.3607644,107.5838774
1061,21.0351254,107.0893798
13349,21.3719386,107.3967105
3621,21.3681278,107.9117062
16678,16.4892953,106.7529514
17702,16.7404983,107.0893798
14630,16.6429218,107.0303221
6950,17.6815505,106.4464766
13094,16.9664046,107.0480378
12070,16.9782708,106.8414374
7718,17.5675915,106.3699271
9510,17.2670255,106.8060388
13350,16.7420545,106.9358604
12326,16.8933588,106.9004472
11302,17.0370348,107.0893798
12582,16.8960737,107.1366365
14374,16.5635891,106.888644
2854,17.7563572,105.7585908
18982,16.6788318,107.2784615
4390,17.9669815,105.993491
7206,17.6326448,106.4818167
12838,16.9249546,107.0657549
19494,16.6788318,107.2784615
13606,16.8417248,106.9712791
6182,17.8744844,106.4052541
7462,17.5680631,106.4994889
14886,16.7643294,106.8060388
15142,16.9066287,106.6055534
15398,16.7656429,106.6527099
15654,16.608528,106.7588494
3110,17.7486364,105.8525154
10790,17.1064913,106.676292
3366,17.7120178,106.0169971
13862,16.3592422,107.0185123
16166,16.6410444,106.6409198
10534,17.2313185,106.6880841
9254,17.2253036,106.7588494
16422,16.5003004,106.6880841
3622,17.8328675,105.9464874
19238,16.7358685,107.3434916
2598,17.721773,106.3110622
18470,16.8671831,107.2075388
2342,17.7210036,106.3875898
19750,16.6105337,107.2784615
7974,17.4992762,106.4994889
8486,17.3437474,106.71167
6694,17.6713252,106.22868
294,17.9454279,106.3817021
8230,17.3975903,106.6173415
5926,17.7993446,106.4111425
9766,17.1654496,106.9240554
14118,16.4229851,106.9358604
5414,17.7906706,106.3110622
15910,16.56679,106.71167
10022,17.1486528,106.8532381
806,17.8699272,105.8466437
6438,17.3997936,106.1816196
17958,16.8194386,107.1661766
18214,16.7947457,107.2548183
17446,16.7198958,107.1307289
5670,17.8346022,106.3346061
8742,17.3019832,106.6645007
10278,17.1795566,106.7588494
8998,17.2636114,106.4405872
4902,17.8676057,106.2169139
5158,17.7671779,106.1816196
3878,17.9865937,105.7585908
4646,17.8755753,106.1228099
4134,18.0334053,105.8877494
20006,16.7491808,107.2548183
11558,17.1116368,107.0185123
11046,17.0720315,106.947666
11814,17.0243343,106.9712791
10023,21.2046431,104.4490398
8231,21.5681206,103.6015463
16423,21.2271395,103.485862
13607,20.9717179,104.4490398
9767,21.4578347,104.2163411
17191,20.9369223,103.752088
16679,20.9644688,103.98402
6951,21.4845851,103.7636752
9255,21.6255955,103.8911999
14375,21.187051,103.9724141
15143,21.2744971,104.0420642
11303,21.0735052,104.4839765
18471,21.1350458,103.6131203
4391,20.722826,104.6354631
16167,21.2919104,104.1117492
7975,21.3402032,103.5321234
3879,20.9473984,104.7287607
11815,21.1965206,104.5422225
18215,21.0416278,103.6131203
13095,21.1119668,104.577181
8743,21.422923,103.5205565
13863,20.9204743,104.367553
4135,20.8279866,104.4956239
14631,21.1500235,104.1349852
7463,21.2725389,103.7868526
295,21.3982103,103.393389
12583,21.1146865,104.8104424
9511,21.415638,104.0195692
15655,21.2055088,103.8911999
5927,21.9078218,103.5899733
12327,21.3070688,104.7404269
8487,21.503753,103.5321234
6183,21.7852105,103.6594267
16935,20.9721662,103.8911999
7719,21.4855596,103.8911999
8999,21.5204211,104.0304535
17447,21.1962652,103.5784012
1319,20.7539537,103.7057493
2087,20.8769403,103.3356272
6439,21.590624,103.752088
7207,21.3142734,103.7057493
17703,21.2120517,103.6710059
1831,21.5977254,104.2163411
11047,21.3052968,104.2279672
15399,21.1160158,103.8448134
551,20.9517036,104.2744808
14887,21.0499919,104.0769024
11559,21.2455127,104.6471221
18983,20.9808921,103.4974258
5671,21.6557828,103.6710059
4903,20.9203128,104.9038451
17959,21.056317,103.7549847
18727,20.8585342,103.5668302
15911,21.2393352,104.1814686
10535,21.1661063,104.3559158
10279,21.2937542,104.4956239
12839,21.0817141,104.7229279
1575,21.0061818,104.5888356
6695,21.443667,103.6941672
5159,20.9032575,104.8337879
12071,21.1470896,104.6412925
4647,20.7913894,104.9155243
10791,21.3565554,104.3093759
5415,20.6928667,104.7909607
13351,21.0808714,104.262851
14119,21.0062024,104.1814686
23592,10.4148881,106.4818167
17704,10.9742002,106.3110622
12328,11.1119602,106.1933837
19496,10.6649296,106.4818167
19240,10.6687246,106.4111425
13608,10.8246543,105.9406128
14120,10.7708442,106.0287512
15400,10.7621173,106.1933837
21032,10.5012534,106.5937658
22056,10.6048346,106.6880841
808,11.2686224,106.2345633
3112,11.3158906,106.0258126
17192,10.8957779,106.2963486
18728,10.791816,106.4523662
17448,10.7994588,106.3110622
3368,10.8996238,106.4759262
296,11.389365,106.2345633
11560,11.3650279,105.981739
18216,10.9471833,106.4052541
4136,10.6484306,105.8642593
17960,10.9291999,106.3346061
11048,11.3003906,105.9582372
18472,10.8392854,106.3817021
12584,10.9242406,105.6060661
8232,11.1440296,106.4052541
5160,10.9631687,105.6999122
1064,11.2601792,106.287521
20008,10.5843029,106.5142169
11816,11.1815924,106.1228099
21288,10.4796032,106.6939803
12072,11.0997148,106.1169299
6184,10.7046301,106.4523662
14376,10.7053475,106.0287512
16424,10.5745091,106.3404925
3624,10.8559727,106.4759262
20520,10.5619606,106.5760857
21800,10.613144,106.635025
16936,10.9265757,106.1816196
4648,10.5950273,106.3640398
19752,10.661754,106.5407299
14632,10.6332686,105.9464874
14888,10.5781441,105.9582372
5672,10.5727546,106.4759262
11304,11.2435477,105.993491
8488,10.9999273,106.2404468
21544,10.6412792,106.5672462
9000,11.1228741,106.293406
10792,11.4556201,105.9347384
22312,10.5626388,106.6645007
20264,10.5816311,106.5893457
23848,10.4640645,106.4759262
10536,11.5514124,105.993491
1832,11.5546947,106.1786787
9512,11.6791643,106.2639825
10024,11.6152531,106.4170311
9768,11.6625558,106.1698563
13096,10.8399781,105.6471178
20776,10.5268323,106.6232359
10280,11.6926723,106.0287512
16680,10.7031979,106.2757514
2344,11.4644462,106.1698563
22568,10.6043546,106.6718702
16168,10.616034,106.2757514
2088,11.49142,106.2757514
15144,11.49142,106.2757514
23080,10.5027751,106.5142169
1320,11.5577828,106.0757749
8744,11.1983248,106.2169139
15912,10.6485479,106.1757379
18984,10.7520279,106.3817021
15656,10.6798261,106.099291
5928,10.6120388,106.40231
23336,10.4539556,106.5642998
1576,11.4490651,106.0522616
9256,11.2163241,106.287521
5416,10.8180416,105.8583873
3880,10.778249,105.8877494
22824,10.5254981,106.5466221
13352,10.7303235,105.7585908
24104,10.4844769,106.4494214
4904,10.8899502,105.790872
12840,10.8779899,105.652983
12841,21.613905,105.7527221
16425,22.4448879,105.6177942
20009,22.1235906,105.6999122
15657,22.6722333,105.6647142
15401,22.4905154,106.0875326
8233,21.7659517,105.5591615
7209,21.8396965,105.5767493
19497,21.1279806,105.9685189
16169,22.5504608,105.6060661
18473,22.1791798,105.6060661
23337,21.879665,105.7776653
16681,22.4356024,105.7116464
22057,22.1397064,106.0052437
21289,22.2752738,106.2110311
11305,21.5877402,105.7233814
11561,21.5989975,105.6060661
9257,21.6414373,106.1228099
1065,21.4588593,105.9171161
6953,21.9006926,105.6060661
3625,21.6691416,105.8407722
15145,22.3045398,105.7468535
11817,21.7213975,105.6002024
17449,22.3298244,105.9582372
6697,21.7543107,105.6500504
3113,21.4299699,105.9758633
8489,21.9361874,105.6588485
12329,21.6266856,105.5591615
10025,21.7295055,105.9347384
8745,22.0075928,105.6999122
17193,22.4040806,105.9112424
21545,22.2157789,106.1698563
17705,22.3566775,105.5708865
4393,21.6095327,105.9171161
16937,22.443331,105.981739
18985,22.0699703,105.5357139
15913,22.5283834,105.7116464
9513,21.8777752,106.0757749
20265,22.1990057,105.7585908
809,21.4786103,105.9523622
7977,21.7936564,105.5122694
12585,21.6970645,105.6119301
5929,21.7501222,105.7233814
12073,21.6888327,105.5767493
19241,22.2720267,105.8407722
13609,21.6573775,105.5415755
14633,22.4806989,105.8407722
7721,21.8781792,105.6588485
13097,21.4762516,105.6764461
17961,22.2487991,105.6060661
3881,21.7572969,105.8877494
553,21.8975416,105.993491
11049,21.5315934,105.7644596
3369,21.5417745,105.9582372
22569,22.0563635,105.9112424
2857,21.5192218,106.0111203
9769,21.8141036,105.8994956
2601,21.4029073,105.776198
22825,22.0238948,105.7703287
23081,21.9624557,105.8055471
14889,22.3335018,105.8055471
297,22.3874682,106.0757749
4137,21.5918883,105.9494248
21801,22.1122952,106.1051705
10281,21.694753,106.0522616
7465,21.8604306,105.6324554
4649,21.6599655,105.9347384
21033,22.2636103,106.040506
4905,22.2636103,106.040506
13353,21.5503441,105.629523
19753,22.2115854,105.981739
9001,21.7619324,106.0757749
6185,21.6823526,105.7644596
22313,22.0167869,106.0757749
23593,21.9381289,105.9347384
18729,22.0840675,105.629523
18217,22.2160719,105.4653897
6441,21.8515633,105.6940454
28714,19.7933759,105.6353878
17194,20.0308985,105.9523622
32298,20.3800656,105.2311827
6698,19.9932195,105.0089888
27434,20.011279,105.7233814
13610,19.5093291,105.7057792
36906,20.1651336,105.5591615
35882,20.2051225,105.3716684
36138,20.2157225,105.5122694
36394,19.8250983,105.6610481
36650,20.1250857,105.488828
33834,20.4497118,105.2311827
3882,19.5366214,105.6588485
33322,20.3105099,105.2955575
33066,20.2366493,105.2779983
8490,19.9618171,105.6940454
24618,19.9881388,105.6911121
31530,20.1754213,105.248737
15146,19.968999,105.8701316
29226,19.78024,105.6852455
32042,20.0657164,105.2428853
14378,20.0953705,105.8172881
41770,19.9953606,105.8349009
15402,19.9111352,105.8701316
30250,20.4401987,104.8104424
16426,20.0265684,105.9993672
15658,19.9016028,105.9112424
39210,19.6425229,105.4419546
18474,19.7801663,105.8789403
19242,19.9080849,105.776198
17450,19.8569794,105.8532494
18218,19.8206941,105.8466437
18986,19.8975441,105.7967419
18730,19.9143388,105.8349009
17962,19.8258672,105.9171161
17706,19.8710712,105.9288641
9002,20.0395177,105.8583873
29482,20.4157113,105.0908147
28458,19.8027553,105.5298525
35626,19.9479399,105.3950939
37162,20.1253126,105.6632478
25898,19.9015712,105.3950939
31274,20.1268119,105.2077798
14634,20.0015719,105.8936224
6954,19.8572653,105.3716684
7210,19.972914,105.2428853
19498,19.7271045,105.7938069
40490,19.6744049,105.6060661
35114,20.0406888,105.3950939
6186,20.400276,104.4606845
5930,20.5320209,104.5538744
5162,20.5605072,104.7637619
1322,20.2495946,104.7287607
1578,20.29143,104.6471221
29738,20.3774619,104.9973028
16938,20.0464471,106.0346285
15914,19.9824567,105.9758633
16170,19.9856942,105.9406128
34346,20.090727,105.3702044
34858,20.1018565,105.4243804
37674,20.0807654,105.7233814
35370,20.0005154,105.3248269
3370,20.4795113,104.6238048
42538,19.6574591,105.5357139
38698,19.6384175,105.488828
21290,19.6260207,105.629523
30506,20.54011,104.9973028
4138,20.4958454,105.0382076
34090,20.4453805,105.1492869
3626,20.4602235,104.577181
42282,20.2574149,104.9418057
20522,19.6755624,105.7879371
2858,20.4594503,104.4490398
21034,19.629283,105.7879371
20010,19.6671438,105.7527221
20266,19.7018598,105.7850022
19754,19.7271076,105.7292491
24106,20.0555629,105.5532993
33578,20.3464166,105.348246
25642,19.874256,105.4419546
1834,20.2774687,104.8104424
2090,20.3532268,104.7404269
3114,20.5832107,104.6354631
2346,20.1830462,104.9622498
2602,20.1804923,104.8571368
28970,19.7365249,105.6236585
7722,19.8967415,105.3511736
16682,19.9907791,106.0111203
27178,20.0861111,105.6002024
37930,20.1587797,105.629523
34602,20.1608116,105.348246
38442,20.3337802,105.488828
22314,19.5924077,105.6823124
41002,19.7706722,105.3014109
21546,19.6734243,105.6823124
4394,19.4303015,105.6177942
39722,19.6084003,105.3014109
39978,19.7051802,105.2545888
38186,20.2367596,105.6002024
29994,20.3876371,104.8804893
32554,20.2913523,105.1843801
42026,19.8997091,105.6764461
298,19.9123253,105.7292491
22826,19.9218164,105.6236585
23082,19.8881181,105.6119301
6442,19.8502332,105.6793792
27946,19.8195232,105.471249
26154,19.9722534,105.4478131
25130,19.9049344,105.5532993
28202,19.8733051,105.5181302
554,19.8675409,105.5949692
24874,19.9312384,105.5181302
38954,19.7120318,105.4419546
40746,19.9077501,105.3248269
20778,19.6271809,105.8114175
14122,20.0280447,105.7938069
14890,19.9501287,105.8231588
27690,19.8365223,105.6060661
21802,19.7123676,105.6999122
31018,20.3100014,105.0382076
810,20.482132,104.7287607
1066,20.6221407,104.8571368
30762,20.558911,104.9155243
13866,19.342114,105.6999122
22058,19.6113806,105.7292491
22570,19.5503453,105.6999122
37418,20.1478766,105.7336501
9258,19.938337,105.9523622
32810,20.2722578,105.1375908
31786,20.2319656,105.0674317
7466,19.8801266,105.2428853
26922,20.0429196,105.629523
39466,19.4720386,105.471249
41258,19.7914115,105.1960795
40234,19.7290161,105.5122694
25386,19.9343638,105.4829681
26666,19.9628637,105.5532993
4650,19.531117,105.5239912
26410,19.9912672,105.494688
23338,19.9670959,105.6353878
5418,20.1431444,105.0206757
8234,19.9810771,105.1492869
24362,19.9776213,105.5826123
23850,20.0007832,105.5503683
5674,20.1370454,105.0908147
4906,19.558639,105.6060661
23594,20.0176461,105.5884754
14635,22.7615314,105.348246
17195,22.4283166,104.8221147
11563,23.1860942,105.044052
15915,22.5923226,105.0557415
25643,22.2376673,104.9330448
7211,22.7864185,104.6004911
16939,22.4046486,104.9505671
18731,22.3609238,104.670443
21547,22.4311918,105.1609838
29739,21.7207667,105.3014109
26411,22.056266,105.1317431
13099,23.1186547,105.0206757
2347,22.7451735,104.9155243
23851,22.1644112,105.2779983
21803,22.5201782,105.4419546
16427,22.499878,104.9272044
31275,21.6690444,105.2955575
555,23.2618157,105.336536
17963,22.2337822,104.7871004
12331,22.9378304,105.2077798
14379,22.6803814,105.4653897
12587,22.9842851,105.2077798
1067,22.8020899,105.2897042
26155,22.0703082,105.044052
20011,22.6318625,104.6354631
24107,22.0916849,105.248737
6699,22.73335,104.670443
31019,21.5835658,105.2779983
22571,22.5359543,105.5767493
17451,22.3352478,104.8221147
5675,21.9053637,105.0674317
27179,21.8887661,105.488828
10539,23.1189894,105.488828
8747,22.5050333,104.4956239
24363,22.1299692,105.3950939
5931,21.9740956,105.3248269
24875,22.0692486,105.3014109
21035,22.5323993,105.1960795
14891,22.8409429,104.7637619
16683,22.372575,105.044052
15659,22.6537856,105.0206757
28203,22.0084229,105.2077798
9003,23.3674196,105.3248269
9771,23.1422524,105.2545888
12843,23.021174,105.0674317
12075,23.0685118,105.2370339
2603,23.1724208,105.4185227
4139,22.7182767,105.1960795
21291,22.3382291,105.1609838
811,22.8576679,105.1960795
4651,22.9649533,104.9272044
29227,21.7307067,105.4419546
22827,22.3330236,105.336536
8235,22.6320566,104.5072722
20267,22.6771758,104.7112631
13355,23.1276837,104.9272044
1579,22.8097689,105.0908147
299,22.9832581,105.336536
28715,21.7032268,105.1785307
10795,23.0308491,105.4419546
7979,22.6617558,104.4373961
9515,23.2211257,105.1609838
15403,22.7677805,105.044052
30507,21.5493594,105.3950939
25899,22.1782322,105.0089888
7467,22.7144175,104.6238048
13611,23.0302056,104.9739333
19243,22.4626291,104.577181
3883,22.5790502,104.577181
9259,23.2351241,105.2545888
29483,21.7119276,105.3950939
30251,21.5637312,105.488828
10283,23.1606843,105.5357139
10027,23.1817404,105.3248269
23595,22.1965591,105.1843801
27691,21.890022,105.2311827
23083,22.2662798,105.1843801
16171,22.4990072,104.8746508
29995,21.6168194,105.4185227
6443,22.7342614,104.7229279
28971,21.7801623,105.471249
19499,22.4242827,104.7404269
11051,23.0842476,105.3716684
20523,21.8001303,105.2604409
26923,21.9770997,105.1083542
26667,22.0194275,105.0908147
11307,23.2024835,105.1142011
6955,22.8031691,104.670443
15147,22.8996599,104.8804893
19755,22.540644,104.7404269
2859,22.9327312,105.0206757
20779,22.4723826,105.336536
22315,22.5852276,105.488828
3115,22.6609676,104.8221147
1835,22.5005935,104.670443
18219,22.2889407,104.6937674
24619,22.0393139,105.3716684
5419,22.2773669,105.0674317
27435,21.8902435,105.4126652
8491,22.7097434,104.5800946
30763,21.5623098,105.3189726
3371,22.9132117,105.1025075
13867,23.07517,104.8688126
2091,22.7047393,104.9739333
3627,22.6648855,104.9038451
17707,22.27413,104.887703
7723,22.7484908,104.5072722
18475,22.3165079,104.6471221
27947,21.9364977,105.2311827
14123,22.6895788,105.3716684
22059,22.4737443,105.4419546
23339,22.2356053,105.3833808
11819,23.1072819,105.1375908
25131,22.1035961,105.1843801
25387,22.100113,104.9739333
28459,21.8523202,105.1375908
18987,22.4224519,104.5072722
4140,10.2792074,105.9523622
24620,10.0774987,106.4052541
28204,10.0270724,106.5466221
27948,10.076607,106.528946
14124,9.8645844,106.0111203
25900,9.896343,106.5701927
11820,9.958346700000002,106.1933837
27180,10.0462727,106.5937658
26924,10.0858564,106.6645007
30764,10.1915205,106.71167
12588,9.9725219,106.2345633
3884,10.181938,106.0522616
9260,10.1215522,105.9582372
3116,10.1747853,106.1103356
11564,9.9959011,106.199266
13612,9.8776535,106.0757749
15660,9.7944114,106.4523662
29740,10.19561,106.528946
31532,10.2436193,106.4906526
12844,9.871038,106.3478507
22316,10.241094,106.1698563
17196,9.6346656,106.3051766
25132,10.0369662,106.458256
19244,9.6686293,106.3817021
812,9.553130399999999,106.4346979
23852,10.2588427,106.3615968
21292,10.3020378,106.4231337
28716,10.1580307,106.5230542
17708,9.6539352,106.2404468
16684,9.7513123,106.4523662
7468,10.0540956,106.1169299
7724,9.9846217,106.099291
8492,10.035354,106.0581397
8748,10.101508,106.0346285
300,9.9187424,106.4464766
15148,9.783261699999999,106.2404468
22828,10.1650799,106.2257384
13356,9.9210988,106.3993658
28460,10.0892255,106.493598
24876,9.9967097,106.3993658
31276,10.2170666,106.5849256
17964,9.708323400000001,106.3404925
4396,10.1920938,106.0124611
556,9.878321699999999,106.4994889
1068,9.7035966,106.5466221
18988,9.601788899999999,106.4288088
1324,9.5836975,106.3581527
7980,9.9562321,105.9053689
29996,10.1998633,106.4464766
29484,10.1870826,106.4317533
17452,9.7208505,106.1933837
24108,10.1039088,106.3110622
27692,10.1339644,106.5701927
15916,9.8104944,106.5083256
10028,10.2742004,105.9113227
2348,10.0143475,105.9347384
19500,9.6663333,106.4288088
12332,10.0069311,106.2492724
16428,9.7763424,106.3817021
3628,10.2081715,106.0698963
23596,10.1342475,106.2463305
13868,9.8480695,106.1286901
22060,10.2687495,106.0522616
4652,10.167264,105.9112424
31788,10.2652899,106.4906526
21036,10.3167609,106.2816361
29228,10.1475354,106.4111425
23084,10.1952039,106.2728091
6956,10.1326812,106.1698563
25388,9.970949599999999,106.4818167
6188,10.1246028,106.2227968
13100,9.8786509,106.2757514
9004,10.1181619,105.9171161
2092,10.0501379,106.0006907
14380,9.9015592,106.0287512
12076,9.8901262,106.1522126
28972,10.1445219,106.470036
14892,9.7497967,106.1522126
3372,10.1431055,106.0698963
9772,10.1490834,105.7292491
21804,10.2787715,106.1757379
9516,10.1102384,105.7468535
23340,10.1688795,106.3110622
26668,10.0200087,106.6320777
27436,10.1315311,106.6173415
15404,9.8252625,106.2639825
18220,9.744662,106.2580983
26156,9.8915788,106.6645007
26412,9.8292915,106.6173415
25644,9.962275799999999,106.5466221
30508,10.1266427,106.71167
24364,10.0606227,106.3110622
31020,10.167858,106.6468148
30252,10.0809735,106.7588494
21548,10.2643204,106.2463305
14636,9.808279299999999,106.1698563
2860,10.0108929,106.0052437
16940,9.694741200000001,106.287521
2604,9.948252300000002,105.9582372
7212,10.1133695,106.1228099
6700,10.0474369,106.1963248
6444,10.0722316,106.1875016
16172,9.8398719,106.4052541
22572,10.0861281,106.0169971
8236,9.9664494,106.0287512
17676,8.7009282,106.6114474
5404,12.2098868,109.0928764
25614,20.7909692,106.9948945
25873,9.8086251,104.6412925
25617,10.289879,103.98402
15889,9.3134297,103.4916438
2078,10.5227791,108.9442804
2852,15.383361,109.1107114
12581,21.0064889,107.7458559
12325,21.1467344,107.4558555
